This is XeTeX, Version 3.141592653-2.6-0.999997 (TeX Live 2025) (preloaded format=xelatex 2025.11.6)  9 DEC 2025 01:13
entering extended mode
 \write18 enabled.
 file:line:error style messages enabled.
 %&-line parsing enabled.
**main_acm.tex
(./main_acm.tex
LaTeX2e <2025-11-01>
L3 programming layer <2025-10-24>
(/opt/texlive/texdir/texmf-dist/tex/latex/acmart/acmart.cls
Document Class: acmart 2025/08/27 v2.16 Typesetting articles for the Associatio
n for Computing Machinery
(/opt/texlive/texdir/texmf-dist/tex/latex/xkeyval/xkeyval.sty
Package: xkeyval 2022/06/16 v2.9 package option processing (HA)

(/opt/texlive/texdir/texmf-dist/tex/generic/xkeyval/xkeyval.tex
(/opt/texlive/texdir/texmf-dist/tex/generic/xkeyval/xkvutils.tex
\XKV@toks=\toks17
\XKV@tempa@toks=\toks18

(/opt/texlive/texdir/texmf-dist/tex/generic/xkeyval/keyval.tex))
\XKV@depth=\count271
File: xkeyval.tex 2014/12/03 v2.7a key=value parser (HA)
))
(/opt/texlive/texdir/texmf-dist/tex/generic/xstring/xstring.sty
(/opt/texlive/texdir/texmf-dist/tex/generic/xstring/xstring.tex
\xs_counta=\count272
\xs_countb=\count273
)
Package: xstring 2023/08/22 v1.86 String manipulations (CT)
)
(/opt/texlive/texdir/texmf-dist/tex/generic/iftex/iftex.sty
Package: iftex 2024/12/12 v1.0g TeX engine tests
)
Package acmart Info: Not using screen mode on input line 77.
Package acmart Info: Using breaking urls on hyphens on input line 85.
Package acmart Info: Requiring acmthm on input line 93.
Package acmart Info: Not using review mode on input line 102.
Package acmart Info: Not using authorversion mode on input line 110.
Package acmart Info: Not using nonacm mode on input line 122.
Package acmart Info: Explicitly selecting natbib mode on input line 138.
Package acmart Info: Not using anonymous mode on input line 146.
Package acmart Info: Not using timestamp mode on input line 154.
Package acmart Info: Not using authordraft mode on input line 164.
Package acmart Info: Using nonacm mode on input line 179.
Class acmart Info: Using format sigconf, number 4 on input line 179.
Class acmart Info: Using fontsize 9pt on input line 281.

(/opt/texlive/texdir/texmf-dist/tex/latex/amscls/amsart.cls
Document Class: amsart 2020/05/29 v2.20.6
\linespacing=\dimen148
\normalparindent=\dimen149
\normaltopskip=\skip49
(/opt/texlive/texdir/texmf-dist/tex/latex/amsmath/amsmath.sty
Package: amsmath 2025/07/09 v2.17z AMS math features
\@mathmargin=\skip50

For additional information on amsmath, use the `?' option.
(/opt/texlive/texdir/texmf-dist/tex/latex/amsmath/amstext.sty
Package: amstext 2024/11/17 v2.01 AMS text

(/opt/texlive/texdir/texmf-dist/tex/latex/amsmath/amsgen.sty
File: amsgen.sty 1999/11/30 v2.0 generic functions
\@emptytoks=\toks19
\ex@=\dimen150
))
(/opt/texlive/texdir/texmf-dist/tex/latex/amsmath/amsbsy.sty
Package: amsbsy 1999/11/29 v1.2d Bold Symbols
\pmbraise@=\dimen151
)
(/opt/texlive/texdir/texmf-dist/tex/latex/amsmath/amsopn.sty
Package: amsopn 2022/04/08 v2.04 operator names
)
\inf@bad=\count274
LaTeX Info: Redefining \frac on input line 233.
\uproot@=\count275
\leftroot@=\count276
LaTeX Info: Redefining \overline on input line 398.
LaTeX Info: Redefining \colon on input line 409.
\classnum@=\count277
\DOTSCASE@=\count278
LaTeX Info: Redefining \ldots on input line 495.
LaTeX Info: Redefining \dots on input line 498.
LaTeX Info: Redefining \cdots on input line 619.
\Mathstrutbox@=\box53
\strutbox@=\box54
LaTeX Info: Redefining \big on input line 721.
LaTeX Info: Redefining \Big on input line 722.
LaTeX Info: Redefining \bigg on input line 723.
LaTeX Info: Redefining \Bigg on input line 724.
\big@size=\dimen152
LaTeX Font Info:    Redeclaring font encoding OML on input line 742.
LaTeX Font Info:    Redeclaring font encoding OMS on input line 743.
\macc@depth=\count279
LaTeX Info: Redefining \bmod on input line 904.
LaTeX Info: Redefining \pmod on input line 909.
LaTeX Info: Redefining \smash on input line 939.
LaTeX Info: Redefining \relbar on input line 969.
LaTeX Info: Redefining \Relbar on input line 970.
\c@MaxMatrixCols=\count280
\dotsspace@=\muskip17
\c@parentequation=\count281
\dspbrk@lvl=\count282
\tag@help=\toks20
\row@=\count283
\column@=\count284
\maxfields@=\count285
\andhelp@=\toks21
\eqnshift@=\dimen153
\alignsep@=\dimen154
\tagshift@=\dimen155
\tagwidth@=\dimen156
\totwidth@=\dimen157
\lineht@=\dimen158
\@envbody=\toks22
\multlinegap=\skip51
\multlinetaggap=\skip52
\mathdisplay@stack=\toks23
LaTeX Info: Redefining \[ on input line 2950.
LaTeX Info: Redefining \] on input line 2951.
)
LaTeX Font Info:    Trying to load font information for U+msa on input line 397
.

(/opt/texlive/texdir/texmf-dist/tex/latex/amsfonts/umsa.fd
File: umsa.fd 2013/01/14 v3.01 AMS symbols A
)
(/opt/texlive/texdir/texmf-dist/tex/latex/amsfonts/amsfonts.sty
Package: amsfonts 2013/01/14 v3.01 Basic AMSFonts support
\symAMSa=\mathgroup4
\symAMSb=\mathgroup5
LaTeX Font Info:    Redeclaring math symbol \hbar on input line 98.
LaTeX Font Info:    Overwriting math alphabet `\mathfrak' in version `bold'
(Font)                  U/euf/m/n --> U/euf/b/n on input line 106.
)
\copyins=\insert252
\abstractbox=\box55
\listisep=\skip53
\c@part=\count286
\c@section=\count287
\c@subsection=\count288
\c@subsubsection=\count289
\c@paragraph=\count290
\c@subparagraph=\count291
\c@figure=\count292
\c@table=\count293
\abovecaptionskip=\skip54
\belowcaptionskip=\skip55
\captionindent=\dimen159
\thm@style=\toks24
\thm@bodyfont=\toks25
\thm@headfont=\toks26
\thm@notefont=\toks27
\thm@headpunct=\toks28
\thm@preskip=\skip56
\thm@postskip=\skip57
\thm@headsep=\skip58
\dth@everypar=\toks29
)
LaTeX Info: Redefining \markboth on input line 283.

(/opt/texlive/texdir/texmf-dist/tex/latex/microtype/microtype.sty
Package: microtype 2025/07/09 v3.2b Micro-typographical refinements (RS)

(/opt/texlive/texdir/texmf-dist/tex/latex/etoolbox/etoolbox.sty
Package: etoolbox 2025/10/02 v2.5m e-TeX tools for LaTeX (JAW)
\etb@tempcnta=\count294
)
\MT@toks=\toks30
\MT@tempbox=\box56
\MT@count=\count295
LaTeX Info: Redefining \noprotrusionifhmode on input line 1087.
LaTeX Info: Redefining \leftprotrusion on input line 1088.
\MT@prot@toks=\toks31
LaTeX Info: Redefining \rightprotrusion on input line 1107.
LaTeX Info: Redefining \textls on input line 1449.
\MT@outer@kern=\dimen160
LaTeX Info: Redefining \microtypecontext on input line 2053.
LaTeX Info: Redefining \textmicrotypecontext on input line 2070.
\MT@listname@count=\count296

(/opt/texlive/texdir/texmf-dist/tex/latex/microtype/microtype-xetex.def
File: microtype-xetex.def 2025/07/09 v3.2b Definitions specific to xetex (RS)
LaTeX Info: Redefining \lsstyle on input line 443.
LaTeX Info: Redefining \lslig on input line 451.
\MT@outer@space=\skip59
)
Package microtype Info: Loading configuration file microtype.cfg.

(/opt/texlive/texdir/texmf-dist/tex/latex/microtype/microtype.cfg
File: microtype.cfg 2025/07/09 v3.2b microtype main configuration file (RS)
)
LaTeX Info: Redefining \microtypesetup on input line 3065.
)
(/opt/texlive/texdir/texmf-dist/tex/latex/booktabs/booktabs.sty
Package: booktabs 2020/01/12 v1.61803398 Publication quality tables
\heavyrulewidth=\dimen161
\lightrulewidth=\dimen162
\cmidrulewidth=\dimen163
\belowrulesep=\dimen164
\belowbottomsep=\dimen165
\aboverulesep=\dimen166
\abovetopsep=\dimen167
\cmidrulesep=\dimen168
\cmidrulekern=\dimen169
\defaultaddspace=\dimen170
\@cmidla=\count297
\@cmidlb=\count298
\@aboverulesep=\dimen171
\@belowrulesep=\dimen172
\@thisruleclass=\count299
\@lastruleclass=\count300
\@thisrulewidth=\dimen173
)
(/opt/texlive/texdir/texmf-dist/tex/latex/refcount/refcount.sty
Package: refcount 2019/12/15 v3.6 Data extraction from label references (HO)

(/opt/texlive/texdir/texmf-dist/tex/generic/ltxcmds/ltxcmds.sty
Package: ltxcmds 2023-12-04 v1.26 LaTeX kernel commands for general use (HO)
)
(/opt/texlive/texdir/texmf-dist/tex/generic/infwarerr/infwarerr.sty
Package: infwarerr 2019/12/03 v1.5 Providing info/warning/error messages (HO)
))
(/opt/texlive/texdir/texmf-dist/tex/latex/totpages/totpages.sty
Package: totpages 2005/09/19 v2.00 Totpages Package (muewi)

(/opt/texlive/texdir/texmf-dist/tex/latex/everyshi/everyshi.sty
Package: everyshi 2020/11/18 v4.00 EveryShipout Package
))
(/opt/texlive/texdir/texmf-dist/tex/latex/environ/environ.sty
Package: environ 2014/05/04 v0.3 A new way to define environments

(/opt/texlive/texdir/texmf-dist/tex/latex/trimspaces/trimspaces.sty
Package: trimspaces 2009/09/17 v1.1 Trim spaces around a token list
))
\@ACM@acmcp@delta=\dimen174

(/opt/texlive/texdir/texmf-dist/tex/latex/natbib/natbib.sty
Package: natbib 2010/09/13 8.31b (PWD, AO)
\bibhang=\skip60
\bibsep=\skip61
LaTeX Info: Redefining \cite on input line 694.
\c@NAT@ctr=\count301
)
(/opt/texlive/texdir/texmf-dist/tex/latex/hyperref/hyperref.sty
Package: hyperref 2025-07-12 v7.01o Hypertext links for LaTeX

(/opt/texlive/texdir/texmf-dist/tex/latex/kvsetkeys/kvsetkeys.sty
Package: kvsetkeys 2022-10-05 v1.19 Key value parser (HO)
)
(/opt/texlive/texdir/texmf-dist/tex/generic/kvdefinekeys/kvdefinekeys.sty
Package: kvdefinekeys 2019-12-19 v1.6 Define keys (HO)
)
(/opt/texlive/texdir/texmf-dist/tex/generic/pdfescape/pdfescape.sty
Package: pdfescape 2019/12/09 v1.15 Implements pdfTeX's escape features (HO)

(/opt/texlive/texdir/texmf-dist/tex/generic/pdftexcmds/pdftexcmds.sty
Package: pdftexcmds 2020-06-27 v0.33 Utility functions of pdfTeX for LuaTeX (HO
)
Package pdftexcmds Info: \pdf@primitive is available.
Package pdftexcmds Info: \pdf@ifprimitive is available.
Package pdftexcmds Info: \pdfdraftmode not found.
))
(/opt/texlive/texdir/texmf-dist/tex/latex/hycolor/hycolor.sty
Package: hycolor 2020-01-27 v1.10 Color options for hyperref/bookmark (HO)
)
(/opt/texlive/texdir/texmf-dist/tex/latex/hyperref/nameref.sty
Package: nameref 2025-06-21 v2.57 Cross-referencing by name of section

(/opt/texlive/texdir/texmf-dist/tex/generic/gettitlestring/gettitlestring.sty
Package: gettitlestring 2019/12/15 v1.6 Cleanup title references (HO)

(/opt/texlive/texdir/texmf-dist/tex/latex/kvoptions/kvoptions.sty
Package: kvoptions 2022-06-15 v3.15 Key value format for package options (HO)
))
\c@section@level=\count302
)
(/opt/texlive/texdir/texmf-dist/tex/generic/stringenc/stringenc.sty
Package: stringenc 2019/11/29 v1.12 Convert strings between diff. encodings (HO
)
)
\@linkdim=\dimen175
\Hy@linkcounter=\count303
\Hy@pagecounter=\count304

(/opt/texlive/texdir/texmf-dist/tex/latex/hyperref/pd1enc.def
File: pd1enc.def 2025-07-12 v7.01o Hyperref: PDFDocEncoding definition (HO)
)
(/opt/texlive/texdir/texmf-dist/tex/generic/intcalc/intcalc.sty
Package: intcalc 2019/12/15 v1.3 Expandable calculations with integers (HO)
)
\Hy@SavedSpaceFactor=\count305

(/opt/texlive/texdir/texmf-dist/tex/latex/hyperref/puenc.def
File: puenc.def 2025-07-12 v7.01o Hyperref: PDF Unicode definition (HO)
)
Package hyperref Info: Option `bookmarksnumbered' set `true' on input line 4066
.
Package hyperref Info: Option `unicode' set `true' on input line 4066.
Package hyperref Info: Hyper figures OFF on input line 4195.
Package hyperref Info: Link nesting OFF on input line 4200.
Package hyperref Info: Hyper index ON on input line 4203.
Package hyperref Info: Plain pages OFF on input line 4210.
Package hyperref Info: Backreferencing OFF on input line 4215.
Package hyperref Info: Implicit mode ON; LaTeX internals redefined.
Package hyperref Info: Bookmarks ON on input line 4462.
\c@Hy@tempcnt=\count306

(/opt/texlive/texdir/texmf-dist/tex/latex/url/url.sty
\Urlmuskip=\muskip18
Package: url 2013/09/16  ver 3.4  Verb mode for urls, etc.
)
LaTeX Info: Redefining \url on input line 4801.
\XeTeXLinkMargin=\dimen176

(/opt/texlive/texdir/texmf-dist/tex/generic/bitset/bitset.sty
Package: bitset 2019/12/09 v1.3 Handle bit-vector datatype (HO)

(/opt/texlive/texdir/texmf-dist/tex/generic/bigintcalc/bigintcalc.sty
Package: bigintcalc 2019/12/15 v1.5 Expandable calculations on big integers (HO
)
))
\Fld@menulength=\count307
\Field@Width=\dimen177
\Fld@charsize=\dimen178
Package hyperref Info: Hyper figures OFF on input line 6078.
Package hyperref Info: Link nesting OFF on input line 6083.
Package hyperref Info: Hyper index ON on input line 6086.
Package hyperref Info: backreferencing OFF on input line 6093.
Package hyperref Info: Link coloring OFF on input line 6098.
Package hyperref Info: Link coloring with OCG OFF on input line 6103.
Package hyperref Info: PDF/A mode OFF on input line 6108.
\Hy@abspage=\count308
\c@Item=\count309
\c@Hfootnote=\count310
)
Package hyperref Info: Driver (autodetected): hxetex.

(/opt/texlive/texdir/texmf-dist/tex/latex/hyperref/hxetex.def
File: hxetex.def 2025-07-12 v7.01o Hyperref driver for XeTeX
\pdfm@box=\box57
\c@Hy@AnnotLevel=\count311
\HyField@AnnotCount=\count312
\Fld@listcount=\count313
\c@bookmark@seq@number=\count314

(/opt/texlive/texdir/texmf-dist/tex/latex/rerunfilecheck/rerunfilecheck.sty
Package: rerunfilecheck 2025-06-21 v1.11 Rerun checks for auxiliary files (HO)

(/opt/texlive/texdir/texmf-dist/tex/generic/uniquecounter/uniquecounter.sty
Package: uniquecounter 2019/12/15 v1.4 Provide unlimited unique counter (HO)
)
Package uniquecounter Info: New unique counter `rerunfilecheck' on input line 2
84.
)
\Hy@SectionHShift=\skip62
)
(/opt/texlive/texdir/texmf-dist/tex/latex/hyperxmp/hyperxmp.sty
Package: hyperxmp 2024/03/17 v5.13 Store hyperref metadata in XMP format
\hyxmp@aep@toks=\toks32

(/opt/texlive/texdir/texmf-dist/tex/latex/ifmtarg/ifmtarg.sty
Package: ifmtarg 2018/04/16 v1.2b check for an empty argument
)
(/opt/texlive/texdir/texmf-dist/tex/latex/base/ifthen.sty
Package: ifthen 2024/03/16 v1.1e Standard LaTeX ifthen package (DPC)
)
\@hyxmp@count=\count315

(/opt/texlive/texdir/texmf-dist/tex/latex/oberdiek/ifdraft.sty
Package: ifdraft 2016/05/16 v1.4 Detect class options draft and final (HO)
)
(/opt/texlive/texdir/texmf-dist/tex/generic/iftex/ifluatex.sty
Package: ifluatex 2019/10/25 v1.5 ifluatex legacy package. Use iftex instead.
))
(/opt/texlive/texdir/texmf-dist/tex/latex/graphics/graphicx.sty
Package: graphicx 2024/12/31 v1.2e Enhanced LaTeX Graphics (DPC,SPQR)

(/opt/texlive/texdir/texmf-dist/tex/latex/graphics/graphics.sty
Package: graphics 2024/08/06 v1.4g Standard LaTeX Graphics (DPC,SPQR)

(/opt/texlive/texdir/texmf-dist/tex/latex/graphics/trig.sty
Package: trig 2023/12/02 v1.11 sin cos tan (DPC)
)
(/opt/texlive/texdir/texmf-dist/tex/latex/graphics-cfg/graphics.cfg
File: graphics.cfg 2016/06/04 v1.11 sample graphics configuration
)
Package graphics Info: Driver file: xetex.def on input line 106.

(/opt/texlive/texdir/texmf-dist/tex/latex/graphics-def/xetex.def
File: xetex.def 2025/11/01 v5.0p Graphics/color driver for xetex
))
\Gin@req@height=\dimen179
\Gin@req@width=\dimen180
)
(/opt/texlive/texdir/texmf-dist/tex/latex/xcolor/xcolor.sty
Package: xcolor 2024/09/29 v3.02 LaTeX color extensions (UK)

(/opt/texlive/texdir/texmf-dist/tex/latex/graphics-cfg/color.cfg
File: color.cfg 2016/01/02 v1.6 sample color configuration
)
Package xcolor Info: Driver file: xetex.def on input line 274.

(/opt/texlive/texdir/texmf-dist/tex/latex/graphics/mathcolor.ltx)
Package xcolor Info: Model `cmy' substituted by `cmy0' on input line 1349.
Package xcolor Info: Model `RGB' extended on input line 1365.
Package xcolor Info: Model `HTML' substituted by `rgb' on input line 1367.
Package xcolor Info: Model `Hsb' substituted by `hsb' on input line 1368.
Package xcolor Info: Model `tHsb' substituted by `hsb' on input line 1369.
Package xcolor Info: Model `HSB' substituted by `hsb' on input line 1370.
Package xcolor Info: Model `Gray' substituted by `gray' on input line 1371.
Package xcolor Info: Model `wave' substituted by `hsb' on input line 1372.
)
(/opt/texlive/texdir/texmf-dist/tex/latex/geometry/geometry.sty
Package: geometry 2020/01/02 v5.9 Page Geometry

(/opt/texlive/texdir/texmf-dist/tex/generic/iftex/ifvtex.sty
Package: ifvtex 2019/10/25 v1.7 ifvtex legacy package. Use iftex instead.
)
\Gm@cnth=\count316
\Gm@cntv=\count317
\c@Gm@tempcnt=\count318
\Gm@bindingoffset=\dimen181
\Gm@wd@mp=\dimen182
\Gm@odd@mp=\dimen183
\Gm@even@mp=\dimen184
\Gm@layoutwidth=\dimen185
\Gm@layoutheight=\dimen186
\Gm@layouthoffset=\dimen187
\Gm@layoutvoffset=\dimen188
\Gm@dimlist=\toks33
)
(/opt/texlive/texdir/texmf-dist/tex/latex/ncctools/manyfoot.sty
Package: manyfoot 2019/08/03 v1.11 Many Footnote Levels Package (NCC)

(/opt/texlive/texdir/texmf-dist/tex/latex/ncctools/nccfoots.sty
Package: nccfoots 2005/02/03 v1.2 NCC Footnotes Package (NCC)
)
\MFL@columnwidth=\dimen189
)
\footinsauthorsaddresses=\insert251
\c@footnoteauthorsaddresses=\count319
\footinscopyrightpermission=\insert250
\c@footnotecopyrightpermission=\count320

(/opt/texlive/texdir/texmf-dist/tex/latex/amsfonts/amssymb.sty
Package: amssymb 2013/01/14 v3.01 AMS font symbols
)
(/opt/texlive/texdir/texmf-dist/tex/latex/unicode-math/unicode-math.sty
(/opt/texlive/texdir/texmf-dist/tex/latex/l3kernel/expl3.sty
Package: expl3 2025-10-24 L3 programming layer (loader) 

(/opt/texlive/texdir/texmf-dist/tex/latex/l3backend/l3backend-xetex.def
File: l3backend-xetex.def 2025-10-09 L3 backend support: XeTeX
\g__graphics_track_int=\count321
\g__pdfannot_backend_int=\count322
\g__pdfannot_backend_link_int=\count323
))
Package: unicode-math 2023/08/13 v0.8r Unicode maths in XeLaTeX and LuaLaTeX

(/opt/texlive/texdir/texmf-dist/tex/latex/unicode-math/unicode-math-xetex.sty
Package: unicode-math-xetex 2023/08/13 v0.8r Unicode maths in XeLaTeX and LuaLa
TeX

(/opt/texlive/texdir/texmf-dist/tex/latex/l3packages/xparse/xparse.sty
Package: xparse 2025-10-09 L3 Experimental document command parser
)
(/opt/texlive/texdir/texmf-dist/tex/latex/l3packages/l3keys2e/l3keys2e.sty
Package: l3keys2e 2025-10-09 LaTeX2e option processing using LaTeX3 keys
)
(/opt/texlive/texdir/texmf-dist/tex/latex/fontspec/fontspec.sty
Package: fontspec 2025/09/29 v2.9g Font selection for XeLaTeX and LuaLaTeX

(/opt/texlive/texdir/texmf-dist/tex/latex/fontspec/fontspec-xetex.sty
Package: fontspec-xetex 2025/09/29 v2.9g Font selection for XeLaTeX and LuaLaTe
X
\l__fontspec_script_int=\count324
\l__fontspec_language_int=\count325
\l__fontspec_strnum_int=\count326
\l__fontspec_tmp_int=\count327
\l__fontspec_tmpa_int=\count328
\l__fontspec_tmpb_int=\count329
\l__fontspec_tmpc_int=\count330
\l__fontspec_em_int=\count331
\l__fontspec_emdef_int=\count332
\l__fontspec_strong_int=\count333
\l__fontspec_strongdef_int=\count334
\l__fontspec_tmpa_dim=\dimen190
\l__fontspec_tmpb_dim=\dimen191
\l__fontspec_tmpc_dim=\dimen192

(/opt/texlive/texdir/texmf-dist/tex/latex/base/fontenc.sty
Package: fontenc 2025/07/18 v2.1d Standard LaTeX package
)
(/opt/texlive/texdir/texmf-dist/tex/latex/fontspec/fontspec.cfg)))
(/opt/texlive/texdir/texmf-dist/tex/latex/base/fix-cm.sty
Package: fix-cm 2020/11/24 v1.1t fixes to LaTeX

(/opt/texlive/texdir/texmf-dist/tex/latex/base/ts1enc.def
File: ts1enc.def 2001/06/05 v3.0e (jk/car/fm) Standard LaTeX file
LaTeX Font Info:    Redeclaring font encoding TS1 on input line 47.
LaTeX Encoding Info:    Redeclaring text command \capitalcedilla (encoding TS1)
 on input line 49.
LaTeX Encoding Info:    Redeclaring text command \capitalogonek (encoding TS1) 
on input line 52.
LaTeX Encoding Info:    Redeclaring text command \capitalgrave (encoding TS1) o
n input line 55.
LaTeX Encoding Info:    Redeclaring text command \capitalacute (encoding TS1) o
n input line 56.
LaTeX Encoding Info:    Redeclaring text command \capitalcircumflex (encoding T
S1) on input line 57.
LaTeX Encoding Info:    Redeclaring text command \capitaltilde (encoding TS1) o
n input line 58.
LaTeX Encoding Info:    Redeclaring text command \capitaldieresis (encoding TS1
) on input line 59.
LaTeX Encoding Info:    Redeclaring text command \capitalhungarumlaut (encoding
 TS1) on input line 60.
LaTeX Encoding Info:    Redeclaring text command \capitalring (encoding TS1) on
 input line 61.
LaTeX Encoding Info:    Redeclaring text command \capitalcaron (encoding TS1) o
n input line 62.
LaTeX Encoding Info:    Redeclaring text command \capitalbreve (encoding TS1) o
n input line 63.
LaTeX Encoding Info:    Redeclaring text command \capitalmacron (encoding TS1) 
on input line 64.
LaTeX Encoding Info:    Redeclaring text command \capitaldotaccent (encoding TS
1) on input line 65.
LaTeX Encoding Info:    Redeclaring text command \t (encoding TS1) on input lin
e 66.
LaTeX Encoding Info:    Redeclaring text command \capitaltie (encoding TS1) on 
input line 67.
LaTeX Encoding Info:    Redeclaring text command \newtie (encoding TS1) on inpu
t line 68.
LaTeX Encoding Info:    Redeclaring text command \capitalnewtie (encoding TS1) 
on input line 69.
LaTeX Encoding Info:    Redeclaring text symbol \textcapitalcompwordmark (encod
ing TS1) on input line 70.
LaTeX Encoding Info:    Redeclaring text symbol \textascendercompwordmark (enco
ding TS1) on input line 71.
LaTeX Encoding Info:    Redeclaring text symbol \textquotestraightbase (encodin
g TS1) on input line 72.
LaTeX Encoding Info:    Redeclaring text symbol \textquotestraightdblbase (enco
ding TS1) on input line 73.
LaTeX Encoding Info:    Redeclaring text symbol \texttwelveudash (encoding TS1)
 on input line 74.
LaTeX Encoding Info:    Redeclaring text symbol \textthreequartersemdash (encod
ing TS1) on input line 75.
LaTeX Encoding Info:    Redeclaring text symbol \textleftarrow (encoding TS1) o
n input line 76.
LaTeX Encoding Info:    Redeclaring text symbol \textrightarrow (encoding TS1) 
on input line 77.
LaTeX Encoding Info:    Redeclaring text symbol \textblank (encoding TS1) on in
put line 78.
LaTeX Encoding Info:    Redeclaring text symbol \textdollar (encoding TS1) on i
nput line 79.
LaTeX Encoding Info:    Redeclaring text symbol \textquotesingle (encoding TS1)
 on input line 80.
LaTeX Encoding Info:    Redeclaring text command \textasteriskcentered (encodin
g TS1) on input line 81.
LaTeX Encoding Info:    Redeclaring text symbol \textdblhyphen (encoding TS1) o
n input line 92.
LaTeX Encoding Info:    Redeclaring text symbol \textfractionsolidus (encoding 
TS1) on input line 93.
LaTeX Encoding Info:    Redeclaring text symbol \textzerooldstyle (encoding TS1
) on input line 94.
LaTeX Encoding Info:    Redeclaring text symbol \textoneoldstyle (encoding TS1)
 on input line 95.
LaTeX Encoding Info:    Redeclaring text symbol \texttwooldstyle (encoding TS1)
 on input line 96.
LaTeX Encoding Info:    Redeclaring text symbol \textthreeoldstyle (encoding TS
1) on input line 97.
LaTeX Encoding Info:    Redeclaring text symbol \textfouroldstyle (encoding TS1
) on input line 98.
LaTeX Encoding Info:    Redeclaring text symbol \textfiveoldstyle (encoding TS1
) on input line 99.
LaTeX Encoding Info:    Redeclaring text symbol \textsixoldstyle (encoding TS1)
 on input line 100.
LaTeX Encoding Info:    Redeclaring text symbol \textsevenoldstyle (encoding TS
1) on input line 101.
LaTeX Encoding Info:    Redeclaring text symbol \texteightoldstyle (encoding TS
1) on input line 102.
LaTeX Encoding Info:    Redeclaring text symbol \textnineoldstyle (encoding TS1
) on input line 103.
LaTeX Encoding Info:    Redeclaring text symbol \textlangle (encoding TS1) on i
nput line 104.
LaTeX Encoding Info:    Redeclaring text symbol \textminus (encoding TS1) on in
put line 105.
LaTeX Encoding Info:    Redeclaring text symbol \textrangle (encoding TS1) on i
nput line 106.
LaTeX Encoding Info:    Redeclaring text symbol \textmho (encoding TS1) on inpu
t line 107.
LaTeX Encoding Info:    Redeclaring text symbol \textbigcircle (encoding TS1) o
n input line 108.
LaTeX Encoding Info:    Redeclaring text command \textcircled (encoding TS1) on
 input line 109.
LaTeX Encoding Info:    Redeclaring text symbol \textohm (encoding TS1) on inpu
t line 115.
LaTeX Encoding Info:    Redeclaring text symbol \textlbrackdbl (encoding TS1) o
n input line 116.
LaTeX Encoding Info:    Redeclaring text symbol \textrbrackdbl (encoding TS1) o
n input line 117.
LaTeX Encoding Info:    Redeclaring text symbol \textuparrow (encoding TS1) on 
input line 118.
LaTeX Encoding Info:    Redeclaring text symbol \textdownarrow (encoding TS1) o
n input line 119.
LaTeX Encoding Info:    Redeclaring text symbol \textasciigrave (encoding TS1) 
on input line 120.
LaTeX Encoding Info:    Redeclaring text symbol \textborn (encoding TS1) on inp
ut line 121.
LaTeX Encoding Info:    Redeclaring text symbol \textdivorced (encoding TS1) on
 input line 122.
LaTeX Encoding Info:    Redeclaring text symbol \textdied (encoding TS1) on inp
ut line 123.
LaTeX Encoding Info:    Redeclaring text symbol \textleaf (encoding TS1) on inp
ut line 124.
LaTeX Encoding Info:    Redeclaring text symbol \textmarried (encoding TS1) on 
input line 125.
LaTeX Encoding Info:    Redeclaring text symbol \textmusicalnote (encoding TS1)
 on input line 126.
LaTeX Encoding Info:    Redeclaring text symbol \texttildelow (encoding TS1) on
 input line 127.
LaTeX Encoding Info:    Redeclaring text symbol \textdblhyphenchar (encoding TS
1) on input line 128.
LaTeX Encoding Info:    Redeclaring text symbol \textasciibreve (encoding TS1) 
on input line 129.
LaTeX Encoding Info:    Redeclaring text symbol \textasciicaron (encoding TS1) 
on input line 130.
LaTeX Encoding Info:    Redeclaring text symbol \textacutedbl (encoding TS1) on
 input line 131.
LaTeX Encoding Info:    Redeclaring text symbol \textgravedbl (encoding TS1) on
 input line 132.
LaTeX Encoding Info:    Redeclaring text symbol \textdagger (encoding TS1) on i
nput line 133.
LaTeX Encoding Info:    Redeclaring text symbol \textdaggerdbl (encoding TS1) o
n input line 134.
LaTeX Encoding Info:    Redeclaring text symbol \textbardbl (encoding TS1) on i
nput line 135.
LaTeX Encoding Info:    Redeclaring text symbol \textperthousand (encoding TS1)
 on input line 136.
LaTeX Encoding Info:    Redeclaring text symbol \textbullet (encoding TS1) on i
nput line 137.
LaTeX Encoding Info:    Redeclaring text symbol \textcelsius (encoding TS1) on 
input line 138.
LaTeX Encoding Info:    Redeclaring text symbol \textdollaroldstyle (encoding T
S1) on input line 139.
LaTeX Encoding Info:    Redeclaring text symbol \textcentoldstyle (encoding TS1
) on input line 140.
LaTeX Encoding Info:    Redeclaring text symbol \textflorin (encoding TS1) on i
nput line 141.
LaTeX Encoding Info:    Redeclaring text symbol \textcolonmonetary (encoding TS
1) on input line 142.
LaTeX Encoding Info:    Redeclaring text symbol \textwon (encoding TS1) on inpu
t line 143.
LaTeX Encoding Info:    Redeclaring text symbol \textnaira (encoding TS1) on in
put line 144.
LaTeX Encoding Info:    Redeclaring text symbol \textguarani (encoding TS1) on 
input line 145.
LaTeX Encoding Info:    Redeclaring text symbol \textpeso (encoding TS1) on inp
ut line 146.
LaTeX Encoding Info:    Redeclaring text symbol \textlira (encoding TS1) on inp
ut line 147.
LaTeX Encoding Info:    Redeclaring text symbol \textrecipe (encoding TS1) on i
nput line 148.
LaTeX Encoding Info:    Redeclaring text symbol \textinterrobang (encoding TS1)
 on input line 149.
LaTeX Encoding Info:    Redeclaring text symbol \textinterrobangdown (encoding 
TS1) on input line 150.
LaTeX Encoding Info:    Redeclaring text symbol \textdong (encoding TS1) on inp
ut line 151.
LaTeX Encoding Info:    Redeclaring text symbol \texttrademark (encoding TS1) o
n input line 152.
LaTeX Encoding Info:    Redeclaring text symbol \textpertenthousand (encoding T
S1) on input line 153.
LaTeX Encoding Info:    Redeclaring text symbol \textpilcrow (encoding TS1) on 
input line 154.
LaTeX Encoding Info:    Redeclaring text symbol \textbaht (encoding TS1) on inp
ut line 155.
LaTeX Encoding Info:    Redeclaring text symbol \textnumero (encoding TS1) on i
nput line 156.
LaTeX Encoding Info:    Redeclaring text symbol \textdiscount (encoding TS1) on
 input line 157.
LaTeX Encoding Info:    Redeclaring text symbol \textestimated (encoding TS1) o
n input line 158.
LaTeX Encoding Info:    Redeclaring text symbol \textopenbullet (encoding TS1) 
on input line 159.
LaTeX Encoding Info:    Redeclaring text symbol \textservicemark (encoding TS1)
 on input line 160.
LaTeX Encoding Info:    Redeclaring text symbol \textlquill (encoding TS1) on i
nput line 161.
LaTeX Encoding Info:    Redeclaring text symbol \textrquill (encoding TS1) on i
nput line 162.
LaTeX Encoding Info:    Redeclaring text symbol \textcent (encoding TS1) on inp
ut line 163.
LaTeX Encoding Info:    Redeclaring text symbol \textsterling (encoding TS1) on
 input line 164.
LaTeX Encoding Info:    Redeclaring text symbol \textcurrency (encoding TS1) on
 input line 165.
LaTeX Encoding Info:    Redeclaring text symbol \textyen (encoding TS1) on inpu
t line 166.
LaTeX Encoding Info:    Redeclaring text symbol \textbrokenbar (encoding TS1) o
n input line 167.
LaTeX Encoding Info:    Redeclaring text symbol \textsection (encoding TS1) on 
input line 168.
LaTeX Encoding Info:    Redeclaring text symbol \textasciidieresis (encoding TS
1) on input line 169.
LaTeX Encoding Info:    Redeclaring text symbol \textcopyright (encoding TS1) o
n input line 170.
LaTeX Encoding Info:    Redeclaring text symbol \textordfeminine (encoding TS1)
 on input line 171.
LaTeX Encoding Info:    Redeclaring text symbol \textcopyleft (encoding TS1) on
 input line 172.
LaTeX Encoding Info:    Redeclaring text symbol \textlnot (encoding TS1) on inp
ut line 173.
LaTeX Encoding Info:    Redeclaring text symbol \textcircledP (encoding TS1) on
 input line 174.
LaTeX Encoding Info:    Redeclaring text symbol \textregistered (encoding TS1) 
on input line 175.
LaTeX Encoding Info:    Redeclaring text symbol \textasciimacron (encoding TS1)
 on input line 176.
LaTeX Encoding Info:    Redeclaring text symbol \textdegree (encoding TS1) on i
nput line 177.
LaTeX Encoding Info:    Redeclaring text symbol \textpm (encoding TS1) on input
 line 178.
LaTeX Encoding Info:    Redeclaring text symbol \texttwosuperior (encoding TS1)
 on input line 179.
LaTeX Encoding Info:    Redeclaring text symbol \textthreesuperior (encoding TS
1) on input line 180.
LaTeX Encoding Info:    Redeclaring text symbol \textasciiacute (encoding TS1) 
on input line 181.
LaTeX Encoding Info:    Redeclaring text symbol \textmu (encoding TS1) on input
 line 182.
LaTeX Encoding Info:    Redeclaring text symbol \textparagraph (encoding TS1) o
n input line 183.
LaTeX Encoding Info:    Redeclaring text symbol \textperiodcentered (encoding T
S1) on input line 184.
LaTeX Encoding Info:    Redeclaring text symbol \textreferencemark (encoding TS
1) on input line 185.
LaTeX Encoding Info:    Redeclaring text symbol \textonesuperior (encoding TS1)
 on input line 186.
LaTeX Encoding Info:    Redeclaring text symbol \textordmasculine (encoding TS1
) on input line 187.
LaTeX Encoding Info:    Redeclaring text symbol \textsurd (encoding TS1) on inp
ut line 188.
LaTeX Encoding Info:    Redeclaring text symbol \textonequarter (encoding TS1) 
on input line 189.
LaTeX Encoding Info:    Redeclaring text symbol \textonehalf (encoding TS1) on 
input line 190.
LaTeX Encoding Info:    Redeclaring text symbol \textthreequarters (encoding TS
1) on input line 191.
LaTeX Encoding Info:    Redeclaring text symbol \texteuro (encoding TS1) on inp
ut line 192.
LaTeX Encoding Info:    Redeclaring text symbol \texttimes (encoding TS1) on in
put line 193.
LaTeX Encoding Info:    Redeclaring text symbol \textdiv (encoding TS1) on inpu
t line 194.
))
\g__um_fam_int=\count335
\g__um_fonts_used_int=\count336
\l__um_primecount_int=\count337
\g__um_primekern_muskip=\muskip19

(/opt/texlive/texdir/texmf-dist/tex/latex/unicode-math/unicode-math-table.tex))
)

Package fontspec Info: 
(fontspec)             LibertinusMath-Regular scale = 1.037989621392094.


Package fontspec Info: 
(fontspec)             LibertinusMath-Regular scale = 1.037989621392094.


Package fontspec Info: 
(fontspec)             Font family 'LibertinusMath-Regular.otf(0)' created for
(fontspec)             font 'LibertinusMath-Regular.otf' with options
(fontspec)             [BoldItalicFont={},ItalicFont={},SmallCapsFont={},Script
=Math,Scale={MatchUppercase}].
(fontspec)              
(fontspec)              This font family consists of the following NFSS
(fontspec)             series/shapes:
(fontspec)              
(fontspec)             - 'normal' (m/n) with NFSS spec.:
(fontspec)             <->s*[1.037989621392094]"[LibertinusMath-Regular.otf]/OT
:script=math;language=dflt;"

LaTeX Font Info:    Font shape `TU/LibertinusMath-Regular.otf(0)/m/n' will be
(Font)              scaled to size 9.34195pt on input line 866.

Package fontspec Info: 
(fontspec)             LibertinusMath-Regular scale = 1.037989621392094.


Package fontspec Info: 
(fontspec)             LibertinusMath-Regular scale = 1.037989621392094.


Package fontspec Info: 
(fontspec)             LibertinusMath-Regular scale = 1.037989621392094.


Package fontspec Info: 
(fontspec)             LibertinusMath-Regular scale = 1.037989621392094.


Package fontspec Info: 
(fontspec)             Font family 'LibertinusMath-Regular.otf(1)' created for
(fontspec)             font 'LibertinusMath-Regular.otf' with options
(fontspec)             [BoldItalicFont={},ItalicFont={},SmallCapsFont={},Script
=Math,SizeFeatures={{Size=8.1-},{Size=6.3-8.1,Font=LibertinusMath-Regular.otf,S
tyle=MathScript},{Size=-6.3,Font=LibertinusMath-Regular.otf,Style=MathScriptScr
ipt}},Scale={MatchUppercase}].
(fontspec)              
(fontspec)              This font family consists of the following NFSS
(fontspec)             series/shapes:
(fontspec)              
(fontspec)             - 'normal' (m/n) with NFSS spec.:
(fontspec)             <8.1->s*[1.037989621392094]"[LibertinusMath-Regular.otf]
/OT:script=math;language=dflt;"<6.3-8.1>s*[1.037989621392094]"[LibertinusMath-R
egular.otf]/OT:script=math;language=dflt;+ssty=0;"<-6.3>s*[1.037989621392094]"[
LibertinusMath-Regular.otf]/OT:script=math;language=dflt;+ssty=1;"

LaTeX Font Info:    Font shape `TU/LibertinusMath-Regular.otf(1)/m/n' will be
(Font)              scaled to size 9.34195pt on input line 866.
LaTeX Font Info:    Encoding `OT1' has changed to `TU' for symbol font
(Font)              `operators' in the math version `normal' on input line 866.

LaTeX Font Info:    Overwriting symbol font `operators' in version `normal'
(Font)                  OT1/cmr/m/n --> TU/LibertinusMath-Regular.otf(1)/m/n on
 input line 866.
LaTeX Font Info:    Encoding `OT1' has changed to `TU' for symbol font
(Font)              `operators' in the math version `bold' on input line 866.
LaTeX Font Info:    Overwriting symbol font `operators' in version `bold'
(Font)                  OT1/cmr/bx/n --> TU/LibertinusMath-Regular.otf(1)/b/n o
n input line 866.

Package fontspec Info: 
(fontspec)             LibertinusMath-Regular scale = 1.037989621392094.


Package fontspec Info: 
(fontspec)             LibertinusMath-Regular scale = 1.038093420354233.


Package fontspec Info: 
(fontspec)             LibertinusMath-Regular scale = 1.037989621392094.


Package fontspec Info: 
(fontspec)             LibertinusMath-Regular scale = 1.038093420354233.


Package fontspec Info: 
(fontspec)             LibertinusMath-Regular scale = 1.037989621392094.


Package fontspec Info: 
(fontspec)             LibertinusMath-Regular scale = 1.038093420354233.


Package fontspec Info: 
(fontspec)             LibertinusMath-Regular scale = 1.037989621392094.


Package fontspec Info: 
(fontspec)             LibertinusMath-Regular scale = 1.038093420354233.


Package fontspec Info: 
(fontspec)             Font family 'LibertinusMath-Regular.otf(2)' created for
(fontspec)             font 'LibertinusMath-Regular.otf' with options
(fontspec)             [BoldItalicFont={},ItalicFont={},SmallCapsFont={},Script
=Math,SizeFeatures={{Size=8.1-},{Size=6.3-8.1,Font=LibertinusMath-Regular.otf,S
tyle=MathScript},{Size=-6.3,Font=LibertinusMath-Regular.otf,Style=MathScriptScr
ipt}},Scale={MatchUppercase},ScaleAgain=1.0001,FontAdjustment={\fontdimen
(fontspec)             8\font =5.41833pt\relax \fontdimen 9\font
(fontspec)             =4.48413pt\relax \fontdimen 10\font =4.39072pt\relax
(fontspec)             \fontdimen 11\font =6.53937pt\relax \fontdimen 12\font
(fontspec)             =4.48413pt\relax \fontdimen 13\font =3.50323pt\relax
(fontspec)             \fontdimen 14\font =3.50323pt\relax \fontdimen 15\font
(fontspec)             =2.89601pt\relax \fontdimen 16\font =1.9618pt\relax
(fontspec)             \fontdimen 17\font =1.9618pt\relax \fontdimen 18\font
(fontspec)             =2.14865pt\relax \fontdimen 19\font =0.4204pt\relax
(fontspec)             \fontdimen 22\font =2.42891pt\relax \fontdimen 20\font
(fontspec)             =0pt\relax \fontdimen 21\font =0pt\relax }].
(fontspec)              
(fontspec)              This font family consists of the following NFSS
(fontspec)             series/shapes:
(fontspec)              
(fontspec)             - 'normal' (m/n) with NFSS spec.:
(fontspec)             <8.1->s*[1.038093420354233]"[LibertinusMath-Regular.otf]
/OT:script=math;language=dflt;"<6.3-8.1>s*[1.038093420354233]"[LibertinusMath-R
egular.otf]/OT:script=math;language=dflt;+ssty=0;"<-6.3>s*[1.038093420354233]"[
LibertinusMath-Regular.otf]/OT:script=math;language=dflt;+ssty=1;"

LaTeX Font Info:    Encoding `OMS' has changed to `TU' for symbol font
(Font)              `symbols' in the math version `normal' on input line 866.
LaTeX Font Info:    Overwriting symbol font `symbols' in version `normal'
(Font)                  OMS/cmsy/m/n --> TU/LibertinusMath-Regular.otf(2)/m/n o
n input line 866.
LaTeX Font Info:    Encoding `OMS' has changed to `TU' for symbol font
(Font)              `symbols' in the math version `bold' on input line 866.
LaTeX Font Info:    Overwriting symbol font `symbols' in version `bold'
(Font)                  OMS/cmsy/b/n --> TU/LibertinusMath-Regular.otf(2)/b/n o
n input line 866.

Package fontspec Info: 
(fontspec)             LibertinusMath-Regular scale = 1.037989621392094.


Package fontspec Info: 
(fontspec)             LibertinusMath-Regular scale = 1.037885822429955.


Package fontspec Info: 
(fontspec)             LibertinusMath-Regular scale = 1.037989621392094.


Package fontspec Info: 
(fontspec)             LibertinusMath-Regular scale = 1.037885822429955.


Package fontspec Info: 
(fontspec)             LibertinusMath-Regular scale = 1.037989621392094.


Package fontspec Info: 
(fontspec)             LibertinusMath-Regular scale = 1.037885822429955.


Package fontspec Info: 
(fontspec)             LibertinusMath-Regular scale = 1.037989621392094.


Package fontspec Info: 
(fontspec)             LibertinusMath-Regular scale = 1.037885822429955.


Package fontspec Info: 
(fontspec)             Font family 'LibertinusMath-Regular.otf(3)' created for
(fontspec)             font 'LibertinusMath-Regular.otf' with options
(fontspec)             [BoldItalicFont={},ItalicFont={},SmallCapsFont={},Script
=Math,SizeFeatures={{Size=8.1-},{Size=6.3-8.1,Font=LibertinusMath-Regular.otf,S
tyle=MathScript},{Size=-6.3,Font=LibertinusMath-Regular.otf,Style=MathScriptScr
ipt}},Scale={MatchUppercase},ScaleAgain=0.9999,FontAdjustment={\fontdimen
(fontspec)             8\font =0.60722pt\relax \fontdimen 9\font
(fontspec)             =1.40129pt\relax \fontdimen 10\font =1.40129pt\relax
(fontspec)             \fontdimen 11\font =2.3355pt\relax \fontdimen 12\font
(fontspec)             =5.792pt\relax \fontdimen 13\font =0pt\relax }].
(fontspec)              
(fontspec)              This font family consists of the following NFSS
(fontspec)             series/shapes:
(fontspec)              
(fontspec)             - 'normal' (m/n) with NFSS spec.:
(fontspec)             <8.1->s*[1.037885822429955]"[LibertinusMath-Regular.otf]
/OT:script=math;language=dflt;"<6.3-8.1>s*[1.037885822429955]"[LibertinusMath-R
egular.otf]/OT:script=math;language=dflt;+ssty=0;"<-6.3>s*[1.037885822429955]"[
LibertinusMath-Regular.otf]/OT:script=math;language=dflt;+ssty=1;"

LaTeX Font Info:    Encoding `OMX' has changed to `TU' for symbol font
(Font)              `largesymbols' in the math version `normal' on input line 8
66.
LaTeX Font Info:    Overwriting symbol font `largesymbols' in version `normal'
(Font)                  OMX/cmex/m/n --> TU/LibertinusMath-Regular.otf(3)/m/n o
n input line 866.
LaTeX Font Info:    Encoding `OMX' has changed to `TU' for symbol font
(Font)              `largesymbols' in the math version `bold' on input line 866
.
LaTeX Font Info:    Overwriting symbol font `largesymbols' in version `bold'
(Font)                  OMX/cmex/m/n --> TU/LibertinusMath-Regular.otf(3)/b/n o
n input line 866.

Package fontspec Info: 
(fontspec)             Font family 'latinmodern-math.otf(0)' created for font
(fontspec)             'latinmodern-math.otf' with options
(fontspec)             [BoldItalicFont={},ItalicFont={},SmallCapsFont={},Script
=Math,SizeFeatures={{Size=8.1-},{Size=6.3-8.1,Font=latinmodern-math.otf,Style=M
athScript},{Size=-6.3,Font=latinmodern-math.otf,Style=MathScriptScript}}].
(fontspec)              
(fontspec)              This font family consists of the following NFSS
(fontspec)             series/shapes:
(fontspec)              
(fontspec)             - 'normal' (m/n) with NFSS spec.:
(fontspec)             <8.1->"[latinmodern-math.otf]/OT:script=math;language=df
lt;"<6.3-8.1>"[latinmodern-math.otf]/OT:script=math;language=dflt;+ssty=0;"<-6.
3>"[latinmodern-math.otf]/OT:script=math;language=dflt;+ssty=1;"

\sym__um_fam1=\mathgroup6
LaTeX Font Info:    Overwriting symbol font `__um_fam1' in version `normal'
(Font)                  TU/latinmodern-math.otf(0)/m/n --> TU/latinmodern-math.
otf(0)/m/n on input line 866.
LaTeX Font Info:    Overwriting symbol font `__um_fam1' in version `bold'
(Font)                  TU/latinmodern-math.otf(0)/m/n --> TU/latinmodern-math.
otf(0)/b/n on input line 866.
 (/opt/texlive/texdir/texmf-dist/tex/latex/libertine/libertine.sty
Package: libertine 2024/04/23 (Bob Tennent) Supports Libertine and Biolinum fon
ts for all LaTeX engines.

(/opt/texlive/texdir/texmf-dist/tex/generic/iftex/ifxetex.sty
Package: ifxetex 2019/10/25 v0.7 ifxetex legacy package. Use iftex instead.
)
(/opt/texlive/texdir/texmf-dist/tex/latex/base/textcomp.sty
Package: textcomp 2024/04/24 v2.1b Standard LaTeX package
)

Package fontspec Info: 
(fontspec)             LinLibertine_R scale = 1.


Package fontspec Info: 
(fontspec)             LinLibertine_R scale = 1.


Package fontspec Info: 
(fontspec)             LinLibertine_R scale = 1.


Package fontspec Info: 
(fontspec)             LinLibertine_RB scale = 1.


Package fontspec Info: 
(fontspec)             LinLibertine_RB scale = 1.


Package fontspec Info: 
(fontspec)             LinLibertine_RI scale = 1.


Package fontspec Info: 
(fontspec)             LinLibertine_RI scale = 1.


Package fontspec Info: 
(fontspec)             LinLibertine_RBI scale = 1.


Package fontspec Info: 
(fontspec)             LinLibertine_RBI scale = 1.


Package fontspec Info: 
(fontspec)             Font family 'LinLibertine(0)' created for font
(fontspec)             'LinLibertine' with options [Ligatures = TeX,Extension
(fontspec)             =
(fontspec)             .otf,SmallCapsFeatures={Letters=SmallCaps},Ligatures=TeX
,Numbers
(fontspec)             = {Monospaced,Lining},Scale = 1,UprightFont =
(fontspec)             *_R,ItalicFont = *_RI,BoldFont = *_RB,BoldItalicFont =
(fontspec)             *_RBI].
(fontspec)              
(fontspec)              This font family consists of the following NFSS
(fontspec)             series/shapes:
(fontspec)              
(fontspec)             - 'normal' (m/n) with NFSS spec.:
(fontspec)             <->s*[1]"[LinLibertine_R.otf]/OT:script=latn;language=df
lt;+tnum;+lnum;mapping=tex-text;"
(fontspec)             - 'small caps'  (m/sc) with NFSS spec.:
(fontspec)             <->s*[1]"[LinLibertine_R.otf]/OT:script=latn;language=df
lt;+tnum;+lnum;+smcp;mapping=tex-text;"
(fontspec)             - 'bold' (b/n) with NFSS spec.:
(fontspec)             <->s*[1]"[LinLibertine_RB.otf]/OT:script=latn;language=d
flt;+tnum;+lnum;mapping=tex-text;"
(fontspec)             - 'bold small caps'  (b/sc) with NFSS spec.:
(fontspec)             <->s*[1]"[LinLibertine_RB.otf]/OT:script=latn;language=d
flt;+tnum;+lnum;+smcp;mapping=tex-text;"
(fontspec)             - 'italic' (m/it) with NFSS spec.:
(fontspec)             <->s*[1]"[LinLibertine_RI.otf]/OT:script=latn;language=d
flt;+tnum;+lnum;mapping=tex-text;"
(fontspec)             - 'italic small caps'  (m/scit) with NFSS spec.:
(fontspec)             <->s*[1]"[LinLibertine_RI.otf]/OT:script=latn;language=d
flt;+tnum;+lnum;+smcp;mapping=tex-text;"
(fontspec)             - 'bold italic' (b/it) with NFSS spec.:
(fontspec)             <->s*[1]"[LinLibertine_RBI.otf]/OT:script=latn;language=
dflt;+tnum;+lnum;mapping=tex-text;"
(fontspec)             - 'bold italic small caps'  (b/scit) with NFSS spec.:
(fontspec)             <->s*[1]"[LinLibertine_RBI.otf]/OT:script=latn;language=
dflt;+tnum;+lnum;+smcp;mapping=tex-text;"


Package fontspec Info: 
(fontspec)             LinLibertine_R scale = 1.


Package fontspec Info: 
(fontspec)             LinLibertine_R scale = 1.


Package fontspec Info: 
(fontspec)             LinLibertine_R scale = 1.


Package fontspec Info: 
(fontspec)             LinLibertine_RB scale = 1.


Package fontspec Info: 
(fontspec)             LinLibertine_RB scale = 1.


Package fontspec Info: 
(fontspec)             LinLibertine_RI scale = 1.


Package fontspec Info: 
(fontspec)             LinLibertine_RI scale = 1.


Package fontspec Info: 
(fontspec)             LinLibertine_RBI scale = 1.


Package fontspec Info: 
(fontspec)             LinLibertine_RBI scale = 1.


Package fontspec Info: 
(fontspec)             Font family 'LinLibertine(1)' created for font
(fontspec)             'LinLibertine' with options [Ligatures = TeX,Extension
(fontspec)             = .otf,SmallCapsFeatures={Letters=SmallCaps},Numbers =
(fontspec)             {Monospaced,Lining},Scale = 1,UprightFont =
(fontspec)             *_R,ItalicFont = *_RI,BoldFont = *_RB,BoldItalicFont =
(fontspec)             *_RBI].
(fontspec)              
(fontspec)              This font family consists of the following NFSS
(fontspec)             series/shapes:
(fontspec)              
(fontspec)             - 'normal' (m/n) with NFSS spec.:
(fontspec)             <->s*[1]"[LinLibertine_R.otf]/OT:script=latn;language=df
lt;+tnum;+lnum;mapping=tex-text;"
(fontspec)             - 'small caps'  (m/sc) with NFSS spec.:
(fontspec)             <->s*[1]"[LinLibertine_R.otf]/OT:script=latn;language=df
lt;+tnum;+lnum;+smcp;mapping=tex-text;"
(fontspec)             - 'bold' (b/n) with NFSS spec.:
(fontspec)             <->s*[1]"[LinLibertine_RB.otf]/OT:script=latn;language=d
flt;+tnum;+lnum;mapping=tex-text;"
(fontspec)             - 'bold small caps'  (b/sc) with NFSS spec.:
(fontspec)             <->s*[1]"[LinLibertine_RB.otf]/OT:script=latn;language=d
flt;+tnum;+lnum;+smcp;mapping=tex-text;"
(fontspec)             - 'italic' (m/it) with NFSS spec.:
(fontspec)             <->s*[1]"[LinLibertine_RI.otf]/OT:script=latn;language=d
flt;+tnum;+lnum;mapping=tex-text;"
(fontspec)             - 'italic small caps'  (m/scit) with NFSS spec.:
(fontspec)             <->s*[1]"[LinLibertine_RI.otf]/OT:script=latn;language=d
flt;+tnum;+lnum;+smcp;mapping=tex-text;"
(fontspec)             - 'bold italic' (b/it) with NFSS spec.:
(fontspec)             <->s*[1]"[LinLibertine_RBI.otf]/OT:script=latn;language=
dflt;+tnum;+lnum;mapping=tex-text;"
(fontspec)             - 'bold italic small caps'  (b/scit) with NFSS spec.:
(fontspec)             <->s*[1]"[LinLibertine_RBI.otf]/OT:script=latn;language=
dflt;+tnum;+lnum;+smcp;mapping=tex-text;"

LaTeX Font Info:    Overwriting math alphabet `\mathrm' in version `normal'
(Font)                  TU/LibertinusMath-Regular.otf(1)/m/n --> TU/LinLibertin
e(1)/m/n on input line 307.
LaTeX Font Info:    Overwriting math alphabet `\mathit' in version `normal'
(Font)                  OT1/cmr/m/it --> TU/LinLibertine(1)/m/it on input line 
307.
LaTeX Font Info:    Overwriting math alphabet `\mathbf' in version `normal'
(Font)                  OT1/cmr/bx/n --> TU/LinLibertine(1)/b/n on input line 3
07.
LaTeX Font Info:    Font shape `TU/LinLibertine(0)/m/n' will be
(Font)              scaled to size 9.0pt on input line 307.

Package fontspec Info: 
(fontspec)             LinBiolinum_R scale = 1.


Package fontspec Info: 
(fontspec)             LinBiolinum_R scale = 1.


Package fontspec Info: 
(fontspec)             LinBiolinum_R scale = 1.


Package fontspec Info: 
(fontspec)             LinBiolinum_RB scale = 1.


Package fontspec Info: 
(fontspec)             LinBiolinum_RB scale = 1.


Package fontspec Info: 
(fontspec)             LinBiolinum_RI scale = 1.


Package fontspec Info: 
(fontspec)             LinBiolinum_RI scale = 1.


Package fontspec Info: 
(fontspec)             LinBiolinum_RBO scale = 1.


Package fontspec Info: 
(fontspec)             LinBiolinum_RBO scale = 1.


Package fontspec Info: 
(fontspec)             Font family 'LinBiolinum(0)' created for font
(fontspec)             'LinBiolinum' with options [Ligatures = TeX,Extension =
(fontspec)             .otf,SmallCapsFeatures={Letters=SmallCaps},Ligatures=TeX
,Numbers
(fontspec)             = {Monospaced, Lining},Scale = 1,UprightFont =
(fontspec)             *_R,ItalicFont = *_RI,BoldFont = *_RB,BoldItalicFont =
(fontspec)             *_RBO].
(fontspec)              
(fontspec)              This font family consists of the following NFSS
(fontspec)             series/shapes:
(fontspec)              
(fontspec)             - 'normal' (m/n) with NFSS spec.:
(fontspec)             <->s*[1]"[LinBiolinum_R.otf]/OT:script=latn;language=dfl
t;+tnum;+lnum;mapping=tex-text;"
(fontspec)             - 'small caps'  (m/sc) with NFSS spec.:
(fontspec)             <->s*[1]"[LinBiolinum_R.otf]/OT:script=latn;language=dfl
t;+tnum;+lnum;+smcp;mapping=tex-text;"
(fontspec)             - 'bold' (b/n) with NFSS spec.:
(fontspec)             <->s*[1]"[LinBiolinum_RB.otf]/OT:script=latn;language=df
lt;+tnum;+lnum;mapping=tex-text;"
(fontspec)             - 'bold small caps'  (b/sc) with NFSS spec.:
(fontspec)             <->s*[1]"[LinBiolinum_RB.otf]/OT:script=latn;language=df
lt;+tnum;+lnum;+smcp;mapping=tex-text;"
(fontspec)             - 'italic' (m/it) with NFSS spec.:
(fontspec)             <->s*[1]"[LinBiolinum_RI.otf]/OT:script=latn;language=df
lt;+tnum;+lnum;mapping=tex-text;"
(fontspec)             - 'italic small caps'  (m/scit) with NFSS spec.:
(fontspec)             <->s*[1]"[LinBiolinum_RI.otf]/OT:script=latn;language=df
lt;+tnum;+lnum;+smcp;mapping=tex-text;"
(fontspec)             - 'bold italic' (b/it) with NFSS spec.:
(fontspec)             <->s*[1]"[LinBiolinum_RBO.otf]/OT:script=latn;language=d
flt;+tnum;+lnum;mapping=tex-text;"
(fontspec)             - 'bold italic small caps'  (b/scit) with NFSS spec.:
(fontspec)             <->s*[1]"[LinBiolinum_RBO.otf]/OT:script=latn;language=d
flt;+tnum;+lnum;+smcp;mapping=tex-text;"


Package fontspec Info: 
(fontspec)             LinBiolinum_R scale = 1.


Package fontspec Info: 
(fontspec)             LinBiolinum_R scale = 1.


Package fontspec Info: 
(fontspec)             LinBiolinum_R scale = 1.


Package fontspec Info: 
(fontspec)             LinBiolinum_RB scale = 1.


Package fontspec Info: 
(fontspec)             LinBiolinum_RB scale = 1.


Package fontspec Info: 
(fontspec)             LinBiolinum_RI scale = 1.


Package fontspec Info: 
(fontspec)             LinBiolinum_RI scale = 1.


Package fontspec Info: 
(fontspec)             LinBiolinum_RBO scale = 1.


Package fontspec Info: 
(fontspec)             LinBiolinum_RBO scale = 1.


Package fontspec Info: 
(fontspec)             Font family 'LinBiolinum(1)' created for font
(fontspec)             'LinBiolinum' with options [Ligatures = TeX,Extension =
(fontspec)             .otf,SmallCapsFeatures={Letters=SmallCaps},Numbers =
(fontspec)             {Monospaced, Lining},Scale = 1,UprightFont =
(fontspec)             *_R,ItalicFont = *_RI,BoldFont = *_RB,BoldItalicFont =
(fontspec)             *_RBO].
(fontspec)              
(fontspec)              This font family consists of the following NFSS
(fontspec)             series/shapes:
(fontspec)              
(fontspec)             - 'normal' (m/n) with NFSS spec.:
(fontspec)             <->s*[1]"[LinBiolinum_R.otf]/OT:script=latn;language=dfl
t;+tnum;+lnum;mapping=tex-text;"
(fontspec)             - 'small caps'  (m/sc) with NFSS spec.:
(fontspec)             <->s*[1]"[LinBiolinum_R.otf]/OT:script=latn;language=dfl
t;+tnum;+lnum;+smcp;mapping=tex-text;"
(fontspec)             - 'bold' (b/n) with NFSS spec.:
(fontspec)             <->s*[1]"[LinBiolinum_RB.otf]/OT:script=latn;language=df
lt;+tnum;+lnum;mapping=tex-text;"
(fontspec)             - 'bold small caps'  (b/sc) with NFSS spec.:
(fontspec)             <->s*[1]"[LinBiolinum_RB.otf]/OT:script=latn;language=df
lt;+tnum;+lnum;+smcp;mapping=tex-text;"
(fontspec)             - 'italic' (m/it) with NFSS spec.:
(fontspec)             <->s*[1]"[LinBiolinum_RI.otf]/OT:script=latn;language=df
lt;+tnum;+lnum;mapping=tex-text;"
(fontspec)             - 'italic small caps'  (m/scit) with NFSS spec.:
(fontspec)             <->s*[1]"[LinBiolinum_RI.otf]/OT:script=latn;language=df
lt;+tnum;+lnum;+smcp;mapping=tex-text;"
(fontspec)             - 'bold italic' (b/it) with NFSS spec.:
(fontspec)             <->s*[1]"[LinBiolinum_RBO.otf]/OT:script=latn;language=d
flt;+tnum;+lnum;mapping=tex-text;"
(fontspec)             - 'bold italic small caps'  (b/scit) with NFSS spec.:
(fontspec)             <->s*[1]"[LinBiolinum_RBO.otf]/OT:script=latn;language=d
flt;+tnum;+lnum;+smcp;mapping=tex-text;"

LaTeX Font Info:    Overwriting math alphabet `\mathsf' in version `normal'
(Font)                  OT1/cmss/m/n --> TU/LinBiolinum(1)/m/n on input line 31
8.
LaTeX Font Info:    Overwriting math alphabet `\mathsf' in version `bold'
(Font)                  OT1/cmss/bx/n --> TU/LinBiolinum(1)/b/n on input line 3
18.

Package fontspec Info: 
(fontspec)             LinLibertine_R scale = 1.


Package fontspec Info: 
(fontspec)             LinLibertine_RZ scale = 1.


Package fontspec Info: 
(fontspec)             LinLibertine_RZ scale = 1.


Package fontspec Info: 
(fontspec)             LinLibertine_RZ scale = 1.


Package fontspec Info: 
(fontspec)             LinLibertine_RB scale = 1.


Package fontspec Info: 
(fontspec)             LinLibertine_RB scale = 1.


Package fontspec Info: 
(fontspec)             LinLibertine_RZI scale = 1.


Package fontspec Info: 
(fontspec)             LinLibertine_RZI scale = 1.


Package fontspec Info: 
(fontspec)             LinLibertine_RBI scale = 1.


Package fontspec Info: 
(fontspec)             LinLibertine_RBI scale = 1.


Package fontspec Info: 
(fontspec)             Font family 'LinLibertine(2)' created for font
(fontspec)             'LinLibertine' with options [Ligatures = TeX,Extension
(fontspec)             = .otf,SmallCapsFeatures={Letters=SmallCaps},Numbers =
(fontspec)             { Monospaced, Lining},Scale = 1,UprightFont =
(fontspec)             *_RZ,ItalicFont = *_RZI,BoldFont = *_RB,BoldItalicFont
(fontspec)             = *_RBI].
(fontspec)              
(fontspec)              This font family consists of the following NFSS
(fontspec)             series/shapes:
(fontspec)              
(fontspec)             - 'normal' (m/n) with NFSS spec.:
(fontspec)             <->s*[1]"[LinLibertine_RZ.otf]/OT:script=latn;language=d
flt;+tnum;+lnum;mapping=tex-text;"
(fontspec)             - 'small caps'  (m/sc) with NFSS spec.:
(fontspec)             <->s*[1]"[LinLibertine_RZ.otf]/OT:script=latn;language=d
flt;+tnum;+lnum;+smcp;mapping=tex-text;"
(fontspec)             - 'bold' (b/n) with NFSS spec.:
(fontspec)             <->s*[1]"[LinLibertine_RB.otf]/OT:script=latn;language=d
flt;+tnum;+lnum;mapping=tex-text;"
(fontspec)             - 'bold small caps'  (b/sc) with NFSS spec.:
(fontspec)             <->s*[1]"[LinLibertine_RB.otf]/OT:script=latn;language=d
flt;+tnum;+lnum;+smcp;mapping=tex-text;"
(fontspec)             - 'italic' (m/it) with NFSS spec.:
(fontspec)             <->s*[1]"[LinLibertine_RZI.otf]/OT:script=latn;language=
dflt;+tnum;+lnum;mapping=tex-text;"
(fontspec)             - 'italic small caps'  (m/scit) with NFSS spec.:
(fontspec)             <->s*[1]"[LinLibertine_RZI.otf]/OT:script=latn;language=
dflt;+tnum;+lnum;+smcp;mapping=tex-text;"
(fontspec)             - 'bold italic' (b/it) with NFSS spec.:
(fontspec)             <->s*[1]"[LinLibertine_RBI.otf]/OT:script=latn;language=
dflt;+tnum;+lnum;mapping=tex-text;"
(fontspec)             - 'bold italic small caps'  (b/scit) with NFSS spec.:
(fontspec)             <->s*[1]"[LinLibertine_RBI.otf]/OT:script=latn;language=
dflt;+tnum;+lnum;+smcp;mapping=tex-text;"


Package fontspec Info: 
(fontspec)             LinLibertine_R scale = 1.


Package fontspec Info: 
(fontspec)             LinLibertine_R scale = 1.


Package fontspec Info: 
(fontspec)             LinLibertine_R scale = 1.


Package fontspec Info: 
(fontspec)             LinLibertine_RB scale = 1.


Package fontspec Info: 
(fontspec)             LinLibertine_RB scale = 1.


Package fontspec Info: 
(fontspec)             LinLibertine_RI scale = 1.


Package fontspec Info: 
(fontspec)             LinLibertine_RI scale = 1.


Package fontspec Info: 
(fontspec)             LinLibertine_RBI scale = 1.


Package fontspec Info: 
(fontspec)             LinLibertine_RBI scale = 1.


Package fontspec Info: 
(fontspec)             Font family 'LinLibertine(3)' created for font
(fontspec)             'LinLibertine' with options [Ligatures = TeX,Extension
(fontspec)             = .otf,SmallCapsFeatures={Letters=SmallCaps},Numbers =
(fontspec)             {Monospaced,OldStyle},Scale = 1,UprightFont =
(fontspec)             *_R,ItalicFont = *_RI,BoldFont = *_RB,BoldItalicFont =
(fontspec)             *_RBI].
(fontspec)              
(fontspec)              This font family consists of the following NFSS
(fontspec)             series/shapes:
(fontspec)              
(fontspec)             - 'normal' (m/n) with NFSS spec.:
(fontspec)             <->s*[1]"[LinLibertine_R.otf]/OT:script=latn;language=df
lt;+tnum;+onum;mapping=tex-text;"
(fontspec)             - 'small caps'  (m/sc) with NFSS spec.:
(fontspec)             <->s*[1]"[LinLibertine_R.otf]/OT:script=latn;language=df
lt;+tnum;+onum;+smcp;mapping=tex-text;"
(fontspec)             - 'bold' (b/n) with NFSS spec.:
(fontspec)             <->s*[1]"[LinLibertine_RB.otf]/OT:script=latn;language=d
flt;+tnum;+onum;mapping=tex-text;"
(fontspec)             - 'bold small caps'  (b/sc) with NFSS spec.:
(fontspec)             <->s*[1]"[LinLibertine_RB.otf]/OT:script=latn;language=d
flt;+tnum;+onum;+smcp;mapping=tex-text;"
(fontspec)             - 'italic' (m/it) with NFSS spec.:
(fontspec)             <->s*[1]"[LinLibertine_RI.otf]/OT:script=latn;language=d
flt;+tnum;+onum;mapping=tex-text;"
(fontspec)             - 'italic small caps'  (m/scit) with NFSS spec.:
(fontspec)             <->s*[1]"[LinLibertine_RI.otf]/OT:script=latn;language=d
flt;+tnum;+onum;+smcp;mapping=tex-text;"
(fontspec)             - 'bold italic' (b/it) with NFSS spec.:
(fontspec)             <->s*[1]"[LinLibertine_RBI.otf]/OT:script=latn;language=
dflt;+tnum;+onum;mapping=tex-text;"
(fontspec)             - 'bold italic small caps'  (b/scit) with NFSS spec.:
(fontspec)             <->s*[1]"[LinLibertine_RBI.otf]/OT:script=latn;language=
dflt;+tnum;+onum;+smcp;mapping=tex-text;"


Package fontspec Info: 
(fontspec)             LinLibertine_R scale = 1.


Package fontspec Info: 
(fontspec)             Font family 'LinLibertine(4)' created for font
(fontspec)             'LinLibertine' with options [Ligatures = TeX,Extension
(fontspec)             = .otf,SmallCapsFeatures={Letters=SmallCaps},Numbers =
(fontspec)             {Monospaced,Lining},UprightFont = *_DR,ItalicFont =
(fontspec)             *_RI,BoldFont = *_RB,BoldItalicFont = *_RBI].
(fontspec)              
(fontspec)              This font family consists of the following NFSS
(fontspec)             series/shapes:
(fontspec)              
(fontspec)             - 'normal' (m/n) with NFSS spec.:
(fontspec)             <->"[LinLibertine_DR.otf]/OT:script=latn;language=dflt;+
tnum;+lnum;mapping=tex-text;"
(fontspec)             - 'bold' (b/n) with NFSS spec.:
(fontspec)             <->"[LinLibertine_RB.otf]/OT:script=latn;language=dflt;+
tnum;+lnum;mapping=tex-text;"
(fontspec)             - 'bold small caps'  (b/sc) with NFSS spec.:
(fontspec)             <->"[LinLibertine_RB.otf]/OT:script=latn;language=dflt;+
tnum;+lnum;+smcp;mapping=tex-text;"
(fontspec)             - 'italic' (m/it) with NFSS spec.:
(fontspec)             <->"[LinLibertine_RI.otf]/OT:script=latn;language=dflt;+
tnum;+lnum;mapping=tex-text;"
(fontspec)             - 'italic small caps'  (m/scit) with NFSS spec.:
(fontspec)             <->"[LinLibertine_RI.otf]/OT:script=latn;language=dflt;+
tnum;+lnum;+smcp;mapping=tex-text;"
(fontspec)             - 'bold italic' (b/it) with NFSS spec.:
(fontspec)             <->"[LinLibertine_RBI.otf]/OT:script=latn;language=dflt;
+tnum;+lnum;mapping=tex-text;"
(fontspec)             - 'bold italic small caps'  (b/scit) with NFSS spec.:
(fontspec)             <->"[LinLibertine_RBI.otf]/OT:script=latn;language=dflt;
+tnum;+lnum;+smcp;mapping=tex-text;"


Package fontspec Info: 
(fontspec)             LinBiolinum_R scale = 1.


Package fontspec Info: 
(fontspec)             LinBiolinum_R scale = 1.


Package fontspec Info: 
(fontspec)             LinBiolinum_R scale = 1.


Package fontspec Info: 
(fontspec)             LinBiolinum_R scale = 1.


Package fontspec Info: 
(fontspec)             LinBiolinum_RB scale = 1.


Package fontspec Info: 
(fontspec)             LinBiolinum_RB scale = 1.


Package fontspec Info: 
(fontspec)             LinBiolinum_RI scale = 1.


Package fontspec Info: 
(fontspec)             LinBiolinum_RI scale = 1.


Package fontspec Info: 
(fontspec)             LinBiolinum_RBO scale = 1.


Package fontspec Info: 
(fontspec)             LinBiolinum_RBO scale = 1.


Package fontspec Info: 
(fontspec)             Font family 'LinBiolinum(2)' created for font
(fontspec)             'LinBiolinum' with options [Ligatures = TeX,Extension =
(fontspec)             .otf,SmallCapsFeatures={Letters=SmallCaps},Numbers =
(fontspec)             {Monospaced, OldStyle},Scale = 1,UprightFont =
(fontspec)             *_R,ItalicFont = *_RI,BoldFont = *_RB,BoldItalicFont =
(fontspec)             *_RBO].
(fontspec)              
(fontspec)              This font family consists of the following NFSS
(fontspec)             series/shapes:
(fontspec)              
(fontspec)             - 'normal' (m/n) with NFSS spec.:
(fontspec)             <->s*[1]"[LinBiolinum_R.otf]/OT:script=latn;language=dfl
t;+tnum;+onum;mapping=tex-text;"
(fontspec)             - 'small caps'  (m/sc) with NFSS spec.:
(fontspec)             <->s*[1]"[LinBiolinum_R.otf]/OT:script=latn;language=dfl
t;+tnum;+onum;+smcp;mapping=tex-text;"
(fontspec)             - 'bold' (b/n) with NFSS spec.:
(fontspec)             <->s*[1]"[LinBiolinum_RB.otf]/OT:script=latn;language=df
lt;+tnum;+onum;mapping=tex-text;"
(fontspec)             - 'bold small caps'  (b/sc) with NFSS spec.:
(fontspec)             <->s*[1]"[LinBiolinum_RB.otf]/OT:script=latn;language=df
lt;+tnum;+onum;+smcp;mapping=tex-text;"
(fontspec)             - 'italic' (m/it) with NFSS spec.:
(fontspec)             <->s*[1]"[LinBiolinum_RI.otf]/OT:script=latn;language=df
lt;+tnum;+onum;mapping=tex-text;"
(fontspec)             - 'italic small caps'  (m/scit) with NFSS spec.:
(fontspec)             <->s*[1]"[LinBiolinum_RI.otf]/OT:script=latn;language=df
lt;+tnum;+onum;+smcp;mapping=tex-text;"
(fontspec)             - 'bold italic' (b/it) with NFSS spec.:
(fontspec)             <->s*[1]"[LinBiolinum_RBO.otf]/OT:script=latn;language=d
flt;+tnum;+onum;mapping=tex-text;"
(fontspec)             - 'bold italic small caps'  (b/scit) with NFSS spec.:
(fontspec)             <->s*[1]"[LinBiolinum_RBO.otf]/OT:script=latn;language=d
flt;+tnum;+onum;+smcp;mapping=tex-text;"


Package fontspec Info: 
(fontspec)             LinBiolinum_R scale = 1.


Package fontspec Info: 
(fontspec)             LinLibertine_M scale = 1.


Package fontspec Info: 
(fontspec)             LinLibertine_M scale = 1.


Package fontspec Info: 
(fontspec)             LinLibertine_MB scale = 1.


Package fontspec Info: 
(fontspec)             LinLibertine_MO scale = 1.


Package fontspec Info: 
(fontspec)             LinLibertine_MBO scale = 1.


Package fontspec Info: 
(fontspec)             Font family 'LinLibertine(5)' created for font
(fontspec)             'LinLibertine' with options [Extension =
(fontspec)             .otf,HyphenChar=None,Scale = 1,UprightFont =
(fontspec)             *_M,ItalicFont = *_MO,BoldFont = *_MB,BoldItalicFont =
(fontspec)             *_MBO].
(fontspec)              
(fontspec)              This font family consists of the following NFSS
(fontspec)             series/shapes:
(fontspec)              
(fontspec)             - 'normal' (m/n) with NFSS spec.:
(fontspec)             <->s*[1]"[LinLibertine_M.otf]/OT:script=latn;language=df
lt;"
(fontspec)             - 'bold' (b/n) with NFSS spec.:
(fontspec)             <->s*[1]"[LinLibertine_MB.otf]/OT:script=latn;language=d
flt;"
(fontspec)             - 'italic' (m/it) with NFSS spec.:
(fontspec)             <->s*[1]"[LinLibertine_MO.otf]/OT:script=latn;language=d
flt;"
(fontspec)             - 'bold italic' (b/it) with NFSS spec.:
(fontspec)             <->s*[1]"[LinLibertine_MBO.otf]/OT:script=latn;language=
dflt;"


Package fontspec Info: 
(fontspec)             Font family 'LinBiolinum_K(0)' created for font
(fontspec)             'LinBiolinum_K' with options [Extension =
(fontspec)             .otf,HyphenChar=None,BoldFont={},ItalicFont={},SmallCaps
Font={}].
(fontspec)              
(fontspec)              This font family consists of the following NFSS
(fontspec)             series/shapes:
(fontspec)              
(fontspec)             - 'normal' (m/n) with NFSS spec.:
(fontspec)             <->"[LinBiolinum_K.otf]/OT:script=latn;language=dflt;"


Package fontspec Info: 
(fontspec)             Font family 'LinLibertine_I(0)' created for font
(fontspec)             'LinLibertine_I' with options [Extension =
(fontspec)             .otf,HyphenChar=None,BoldFont={},ItalicFont={},SmallCaps
Font={}].
(fontspec)              
(fontspec)              This font family consists of the following NFSS
(fontspec)             series/shapes:
(fontspec)              
(fontspec)             - 'normal' (m/n) with NFSS spec.:
(fontspec)             <->"[LinLibertine_I.otf]/OT:script=latn;language=dflt;"

LaTeX Info: Redefining \oldstylenums on input line 475.
LaTeX Info: Redefining \liningnums on input line 476.

(/opt/texlive/texdir/texmf-dist/tex/latex/libertine/LinLibertine_R.tex)
(/opt/texlive/texdir/texmf-dist/tex/latex/libertine/LinBiolinum_R.tex)
(/opt/texlive/texdir/texmf-dist/tex/latex/libertine/LinBiolinum_K.tex)
(/opt/texlive/texdir/texmf-dist/tex/latex/libertine/LinLibertine_I.tex)
(/opt/texlive/texdir/texmf-dist/tex/latex/libertine/LKey.tex)
LaTeX Info: Redefining \textsup on input line 552.
)
(/opt/texlive/texdir/texmf-dist/tex/latex/inconsolata/inconsolata.fontspec)

Package fontspec Info: 
(fontspec)             Font family 'inconsolata(0)' created for font
(fontspec)             'inconsolata' with options
(fontspec)             [WordSpace={1,0,0},HyphenChar=None,PunctuationSpace=Word
Space,Extension
(fontspec)             = .otf,UprightFont = Inconsolatazi4-Regular,BoldFont =
(fontspec)             Inconsolatazi4-Bold,StylisticSet=3].
(fontspec)              
(fontspec)              This font family consists of the following NFSS
(fontspec)             series/shapes:
(fontspec)              
(fontspec)             - 'normal' (m/n) with NFSS spec.:
(fontspec)             <->"[Inconsolatazi4-Regular.otf]/OT:script=latn;language
=dflt;+ss03;"
(fontspec)             - 'bold' (b/n) with NFSS spec.:
(fontspec)             <->"[Inconsolatazi4-Bold.otf]/OT:script=latn;language=df
lt;+ss03;"


Package fontspec Info: 
(fontspec)             Font family 'inconsolata(1)' created for font
(fontspec)             'inconsolata' with options [Extension =
(fontspec)             .otf,UprightFont = Inconsolatazi4-Regular,BoldFont =
(fontspec)             Inconsolatazi4-Bold,StylisticSet=3].
(fontspec)              
(fontspec)              This font family consists of the following NFSS
(fontspec)             series/shapes:
(fontspec)              
(fontspec)             - 'normal' (m/n) with NFSS spec.:
(fontspec)             <->"[Inconsolatazi4-Regular.otf]/OT:script=latn;language
=dflt;+ss03;"
(fontspec)             - 'bold' (b/n) with NFSS spec.:
(fontspec)             <->"[Inconsolatazi4-Bold.otf]/OT:script=latn;language=df
lt;+ss03;"

LaTeX Font Info:    Overwriting math alphabet `\mathtt' in version `normal'
(Font)                  OT1/cmtt/m/n --> TU/inconsolata(1)/m/n on input line 86
9.
LaTeX Font Info:    Overwriting math alphabet `\mathtt' in version `bold'
(Font)                  OT1/cmtt/m/n --> TU/inconsolata(1)/b/n on input line 86
9.

(/opt/texlive/texdir/texmf-dist/tex/latex/caption/caption.sty
Package: caption 2023/08/05 v3.6o Customizing captions (AR)

(/opt/texlive/texdir/texmf-dist/tex/latex/caption/caption3.sty
Package: caption3 2023/07/31 v2.4d caption3 kernel (AR)
\caption@tempdima=\dimen193
\captionmargin=\dimen194
\caption@leftmargin=\dimen195
\caption@rightmargin=\dimen196
\caption@width=\dimen197
\caption@indent=\dimen198
\caption@parindent=\dimen199
\caption@hangindent=\dimen256
Package caption Info: AMS or SMF document class detected.

(/opt/texlive/texdir/texmf-dist/tex/latex/caption/caption-ams-smf.sto
File: caption-ams-smf.sto 2020/08/22 v2.0 Adaption of the caption package to th
e AMS and SMF document classes (AR)
))
\c@caption@flags=\count338
\c@continuedfloat=\count339
Package caption Info: hyperref package is loaded.
)
(/opt/texlive/texdir/texmf-dist/tex/latex/float/float.sty
Package: float 2001/11/08 v1.3d Float enhancements (AL)
\c@float@type=\count340
\float@exts=\toks34
\float@box=\box58
\@float@everytoks=\toks35
\@floatcapt=\box59
)
\@float@every@sidebar=\toks36
\c@sidebar=\count341
\fulltextwidth=\dimen257
\@ACM@labelwidth=\dimen258
\listisep=\skip63
\num@authorgroups=\count342
\num@authors=\count343
\@ACM@badge@width=\skip64
\@ACM@title@width=\skip65
\@ACM@badge@skip=\skip66
Class acmart Info: Printing CCS on input line 1848.
Class acmart Info: Printing bibformat on input line 1848.
Class acmart Info: Suppressing folios on input line 1855.
Class acmart Info: Setting authorsperrow to 0 on input line 1858.

(/opt/texlive/texdir/texmf-dist/tex/latex/comment/comment.sty
\CommentStream=\write3

Excluding comment 'comment') Excluding comment 'CCSXML'
\c@@concepts=\count344
\mktitle@bx=\box60
\@ACM@acmcpbox=\box61
\@ACM@commabox=\box62
\author@bx=\box63
\author@bx@wd=\dimen259
\author@bx@sep=\skip67

(/opt/texlive/texdir/texmf-dist/tex/latex/fancyhdr/fancyhdr.sty
Package: fancyhdr 2025/02/07 v5.2 Extensive control of page headers and footers

\f@nch@headwidth=\skip68
\f@nch@offset@elh=\skip69
\f@nch@offset@erh=\skip70
\f@nch@offset@olh=\skip71
\f@nch@offset@orh=\skip72
\f@nch@offset@elf=\skip73
\f@nch@offset@erf=\skip74
\f@nch@offset@olf=\skip75
\f@nch@offset@orf=\skip76
\f@nch@height=\skip77
\f@nch@footalignment=\skip78
\f@nch@widthL=\skip79
\f@nch@widthC=\skip80
\f@nch@widthR=\skip81
\@temptokenb=\toks37
)
Special comment 'acks') (./includes/preamble_common.tex
(/opt/texlive/texdir/texmf-dist/tex/generic/babel/babel.sty
Package: babel 2025/10/22 v25.14 The multilingual framework for LuaLaTeX, pdfLa
TeX and XeLaTeX
\babel@savecnt=\count345
LaTeX Encoding Info:    Redeclaring text command \ij (encoding OT1) on input li
ne 2050.
LaTeX Encoding Info:    Redeclaring text command \IJ (encoding OT1) on input li
ne 2052.
LaTeX Encoding Info:    Redeclaring text command \ij (encoding T1) on input lin
e 2054.
LaTeX Encoding Info:    Redeclaring text command \IJ (encoding T1) on input lin
e 2055.
LaTeX Encoding Info:    Ignoring declaration for text command \ij (encoding ?) 
on input line 2056.
LaTeX Encoding Info:    Ignoring declaration for text command \IJ (encoding ?) 
on input line 2058.
LaTeX Encoding Info:    Redeclaring text command \dj (encoding OT1) on input li
ne 2076.
LaTeX Encoding Info:    Redeclaring text command \DJ (encoding OT1) on input li
ne 2077.
LaTeX Encoding Info:    Ignoring declaration for text command \SS (encoding ?) 
on input line 2083.
\U@D=\dimen260
\l@unhyphenated=\language90

(/opt/texlive/texdir/texmf-dist/tex/generic/babel/xebabel.def)
\bbl@readstream=\read2
\bbl@dirlevel=\count346

(/opt/texlive/texdir/texmf-dist/tex/generic/babel/locale/es/babel-spanish.tex)
Package babel Info: Importing font and identification data for spanish
(babel)             from babel-es.ini. Reported on input line 4295.

(/opt/texlive/texdir/texmf-dist/tex/generic/babel-spanish/spanish.ldf
Language: spanish.ldf 2021/05/27 v5.0q Spanish support from the babel system
\es@quottoks=\toks38
\es@quotdepth=\count347
Package babel Info: Making " an active character on input line 570.
Package babel Info: Making . an active character on input line 675.
Package babel Info: Making < an active character on input line 722.
Package babel Info: Making > an active character on input line 722.
))
LaTeX Encoding Info:    Redeclaring text command \guillemotleft (encoding OT1) 
on input line 3.
LaTeX Encoding Info:    Redeclaring text command \guillemotright (encoding OT1)
 on input line 3.

(/opt/texlive/texdir/texmf-dist/tex/latex/csquotes/csquotes.sty
Package: csquotes 2024-04-04 v5.2o context-sensitive quotations (JAW)
\csq@reset=\count348
\csq@gtype=\count349
\csq@glevel=\count350
\csq@qlevel=\count351
\csq@maxlvl=\count352
\csq@tshold=\count353
\csq@ltx@everypar=\toks39

(/opt/texlive/texdir/texmf-dist/tex/latex/csquotes/csquotes.def
File: csquotes.def 2024-04-04 v5.2o csquotes generic definitions (JAW)
)
Package csquotes Info: Trying to load configuration file 'csquotes.cfg'...
Package csquotes Info: ... configuration file loaded successfully.

(/opt/texlive/texdir/texmf-dist/tex/latex/csquotes/csquotes.cfg
File: csquotes.cfg 
))
(/opt/texlive/texdir/texmf-dist/tex/latex/caption/subcaption.sty
Package: subcaption 2023/07/28 v1.6b Sub-captions (AR)
Package caption Info: New subtype `subfigure' on input line 238.
\c@subfigure=\count354
Package caption Info: New subtype `subtable' on input line 238.
\c@subtable=\count355
)
(/opt/texlive/texdir/texmf-dist/tex/latex/siunitx/siunitx.sty
Package: siunitx 2025-07-09 v3.4.14 A comprehensive (SI) units package
\l__siunitx_number_uncert_offset_int=\count356
\l__siunitx_number_exponent_fixed_int=\count357
\l__siunitx_number_min_decimal_int=\count358
\l__siunitx_number_min_integer_int=\count359
\l__siunitx_number_round_precision_int=\count360
\l__siunitx_number_lower_threshold_int=\count361
\l__siunitx_number_upper_threshold_int=\count362
\l__siunitx_number_group_first_int=\count363
\l__siunitx_number_group_size_int=\count364
\l__siunitx_number_group_minimum_int=\count365
\l__siunitx_angle_tmp_dim=\dimen261
\l__siunitx_angle_marker_box=\box64
\l__siunitx_angle_unit_box=\box65
\l__siunitx_compound_count_int=\count366

(/opt/texlive/texdir/texmf-dist/tex/latex/translations/translations.sty
Package: translations 2022/02/05 v1.12 internationalization of LaTeX2e packages
 (CN)
)
\l__siunitx_table_tmp_box=\box66
\l__siunitx_table_tmp_dim=\dimen262
\l__siunitx_table_column_width_dim=\dimen263
\l__siunitx_table_integer_box=\box67
\l__siunitx_table_decimal_box=\box68
\l__siunitx_table_uncert_box=\box69
\l__siunitx_table_before_box=\box70
\l__siunitx_table_after_box=\box71
\l__siunitx_table_before_dim=\dimen264
\l__siunitx_table_carry_dim=\dimen265
\l__siunitx_unit_tmp_int=\count367
\l__siunitx_unit_position_int=\count368
\l__siunitx_unit_total_int=\count369

(/opt/texlive/texdir/texmf-dist/tex/latex/tools/array.sty
Package: array 2025/09/25 v2.6n Tabular extension package (FMi)
\col@sep=\dimen266
\ar@mcellbox=\box72
\extrarowheight=\dimen267
\NC@list=\toks40
\extratabsurround=\skip82
\backup@length=\skip83
\ar@cellbox=\box73
))
(/opt/texlive/texdir/texmf-dist/tex/latex/enumitem/enumitem.sty
Package: enumitem 2025/02/06 v3.11 Customized lists
\enitkv@toks@=\toks41
\labelindent=\skip84
\enit@outerparindent=\dimen268
\enit@toks=\toks42
\enit@inbox=\box74
\enit@count@id=\count370
\enitdp@description=\count371
)
(/opt/texlive/texdir/texmf-dist/tex/latex/cleveref/cleveref.sty
Package: cleveref 2018/03/27 v0.21.4 Intelligent cross-referencing
Package cleveref Info: `hyperref' support loaded on input line 2370.
LaTeX Info: Redefining \cref on input line 2370.
LaTeX Info: Redefining \Cref on input line 2370.
LaTeX Info: Redefining \crefrange on input line 2370.
LaTeX Info: Redefining \Crefrange on input line 2370.
LaTeX Info: Redefining \cpageref on input line 2370.
LaTeX Info: Redefining \Cpageref on input line 2370.
LaTeX Info: Redefining \cpagerefrange on input line 2370.
LaTeX Info: Redefining \Cpagerefrange on input line 2370.
LaTeX Info: Redefining \labelcref on input line 2370.
LaTeX Info: Redefining \labelcpageref on input line 2370.
Package cleveref Info: `amsthm' support loaded on input line 3026.
)
==> First Aid for cleveref.sty applied!
(/opt/texlive/texdir/texmf-dist/tex/latex/listings/listings.sty
\lst@mode=\count372
\lst@gtempboxa=\box75
\lst@token=\toks43
\lst@length=\count373
\lst@currlwidth=\dimen269
\lst@column=\count374
\lst@pos=\count375
\lst@lostspace=\dimen270
\lst@width=\dimen271
\lst@newlines=\count376
\lst@lineno=\count377
\lst@maxwidth=\dimen272

(/opt/texlive/texdir/texmf-dist/tex/latex/listings/lstpatch.sty
File: lstpatch.sty 2024/09/23 1.10c (Carsten Heinz)
)
(/opt/texlive/texdir/texmf-dist/tex/latex/listings/lstmisc.sty
File: lstmisc.sty 2024/09/23 1.10c (Carsten Heinz)
\c@lstnumber=\count378
\lst@skipnumbers=\count379
\lst@framebox=\box76
)
(/opt/texlive/texdir/texmf-dist/tex/latex/listings/listings.cfg
File: listings.cfg 2024/09/23 1.10c listings configuration
))
Package: listings 2024/09/23 1.10c (Carsten Heinz)

==> First Aid for listings.sty applied!
) (./includes/preamble_acm.tex)
Package hyperref Info: Option `pdfdisplaydoctitle' set `true' on input line 23.

\c@theorem=\count380

(/opt/texlive/texdir/texmf-dist/tex/latex/preprint/balance.sty
Package: balance 1999/02/23 4.3 (PWD)
\oldvsize=\dimen273
)
Excluding comment 'screenonly' Include comment 'printonly'
Include comment 'anonsuppress'
Package csquotes Info: Checking for multilingual support...
Package csquotes Info: ... found 'babel' package.
Package csquotes Info: Adjusting default style.
Package csquotes Info: Redefining alias 'default' -> 'spanish'.
 (build/main_acm.aux
LaTeX Info: Redefining \. on input line 12.
LaTeX Info: Redefining \% on input line 12.
Package babel Info: 'spanish' activates 'spanish' shorthands.
(babel)             Reported on input line 12.
)
\openout1 = `main_acm.aux'.

LaTeX Font Info:    Checking defaults for OML/cmm/m/it on input line 23.
LaTeX Font Info:    ... okay on input line 23.
LaTeX Font Info:    Checking defaults for OMS/cmsy/m/n on input line 23.
LaTeX Font Info:    ... okay on input line 23.
LaTeX Font Info:    Checking defaults for OT1/cmr/m/n on input line 23.
LaTeX Font Info:    ... okay on input line 23.
LaTeX Font Info:    Checking defaults for T1/cmr/m/n on input line 23.
LaTeX Font Info:    ... okay on input line 23.
LaTeX Font Info:    Checking defaults for TS1/cmr/m/n on input line 23.
LaTeX Font Info:    ... okay on input line 23.
LaTeX Font Info:    Checking defaults for TU/lmr/m/n on input line 23.
LaTeX Font Info:    ... okay on input line 23.
LaTeX Font Info:    Checking defaults for OMX/cmex/m/n on input line 23.
LaTeX Font Info:    ... okay on input line 23.
LaTeX Font Info:    Checking defaults for U/cmr/m/n on input line 23.
LaTeX Font Info:    ... okay on input line 23.
LaTeX Font Info:    Checking defaults for PD1/pdf/m/n on input line 23.
LaTeX Font Info:    ... okay on input line 23.
LaTeX Font Info:    Checking defaults for PU/pdf/m/n on input line 23.
LaTeX Font Info:    ... okay on input line 23.
LaTeX Font Info:    Font shape `TU/LinLibertine(0)/m/n' will be
(Font)              scaled to size 7.0pt on input line 23.
LaTeX Font Info:    Font shape `TU/LibertinusMath-Regular.otf(1)/m/n' will be
(Font)              scaled to size 7.26596pt on input line 23.
LaTeX Font Info:    Font shape `TU/LibertinusMath-Regular.otf(1)/m/n' will be
(Font)              scaled to size 5.18997pt on input line 23.
LaTeX Font Info:    Font shape `TU/LibertinusMath-Regular.otf(2)/m/n' will be
(Font)              scaled to size 7.2666pt on input line 23.
LaTeX Font Info:    Font shape `TU/LibertinusMath-Regular.otf(2)/m/n' will be
(Font)              scaled to size 5.19043pt on input line 23.
LaTeX Font Info:    Font shape `TU/LibertinusMath-Regular.otf(3)/m/n' will be
(Font)              scaled to size 7.26521pt on input line 23.
LaTeX Font Info:    Font shape `TU/LibertinusMath-Regular.otf(3)/m/n' will be
(Font)              scaled to size 5.18944pt on input line 23.
LaTeX Font Info:    Trying to load font information for U+msa on input line 23.


(/opt/texlive/texdir/texmf-dist/tex/latex/amsfonts/umsa.fd
File: umsa.fd 2013/01/14 v3.01 AMS symbols A
)
LaTeX Font Info:    Trying to load font information for U+msb on input line 23.


(/opt/texlive/texdir/texmf-dist/tex/latex/amsfonts/umsb.fd
File: umsb.fd 2013/01/14 v3.01 AMS symbols B
)
LaTeX Font Info:    Font shape `TU/LinLibertine(0)/m/it' will be
(Font)              scaled to size 9.0pt on input line 23.
LaTeX Font Info:    Font shape `TU/LibertinusMath-Regular.otf(1)/m/n' will be
(Font)              scaled to size 7.47354pt on input line 23.
LaTeX Font Info:    Font shape `TU/LibertinusMath-Regular.otf(1)/m/n' will be
(Font)              scaled to size 5.60515pt on input line 23.
LaTeX Font Info:    Font shape `TU/LibertinusMath-Regular.otf(2)/m/n' will be
(Font)              scaled to size 9.34277pt on input line 23.
LaTeX Font Info:    Font shape `TU/LibertinusMath-Regular.otf(2)/m/n' will be
(Font)              scaled to size 7.47421pt on input line 23.
LaTeX Font Info:    Font shape `TU/LibertinusMath-Regular.otf(2)/m/n' will be
(Font)              scaled to size 5.60565pt on input line 23.
LaTeX Font Info:    Font shape `TU/LibertinusMath-Regular.otf(3)/m/n' will be
(Font)              scaled to size 9.34099pt on input line 23.
LaTeX Font Info:    Font shape `TU/LibertinusMath-Regular.otf(3)/m/n' will be
(Font)              scaled to size 7.47278pt on input line 23.
LaTeX Font Info:    Font shape `TU/LibertinusMath-Regular.otf(3)/m/n' will be
(Font)              scaled to size 5.60458pt on input line 23.
LaTeX Info: Redefining \microtypecontext on input line 23.
Package microtype Info: Applying patch `item' on input line 23.
Package microtype Info: Applying patch `toc' on input line 23.
Package microtype Info: Applying patch `eqnum' on input line 23.
Package microtype Info: Applying patch `footnote' on input line 23.
Package microtype Info: Applying patch `verbatim' on input line 23.
LaTeX Info: Redefining \microtypesetup on input line 23.
Package microtype Info: Character protrusion enabled (level 2).
Package microtype Info: Using default protrusion set `alltext'.
Package microtype Info: No adjustment of tracking.
Package microtype Info: No adjustment of spacing.
Package microtype Info: No adjustment of kerning.
Package microtype Info: Loading generic protrusion settings for font family
(microtype)             `LinLibertine' (encoding: TU).
(microtype)             For optimal results, create family-specific settings.
(microtype)             See the microtype manual for details.
Package hyperref Info: Link coloring OFF on input line 23.
 (build/main_acm.out) (build/main_acm.out)
\@outlinefile=\write4
\openout4 = `main_acm.out'.


*geometry* driver: auto-detecting
*geometry* detected driver: xetex
*geometry* verbose mode - [ preamble ] result:
* driver: xetex
* paper: custom
* layout: <same size as paper>
* layoutoffset:(h,v)=(0.0pt,0.0pt)
* modes: includehead includefoot twoside heightrounded 
* h-part:(L,W,R)=(54.0pt, 506.295pt, 54.0pt)
* v-part:(T,H,B)=(57.0pt, 664.96999pt, 73.0pt)
* \paperwidth=614.295pt
* \paperheight=794.96999pt
* \textwidth=506.295pt
* \textheight=626.0pt
* \oddsidemargin=-18.26999pt
* \evensidemargin=-18.26999pt
* \topmargin=-15.26999pt
* \headheight=13.0pt
* \headsep=14.0pt
* \topskip=10.0pt
* \footskip=12.0pt
* \marginparwidth=24.0pt
* \marginparsep=11.0pt
* \columnsep=24.0pt
* \skip\footins=7.0pt plus 11.0pt
* \hoffset=0.0pt
* \voffset=0.0pt
* \mag=1000
* \@twocolumnfalse
* \@twosidetrue
* \@mparswitchtrue
* \@reversemarginfalse
* (1in=72.27pt=25.4mm, 1cm=28.453pt)

Package caption Info: Begin \AtBeginDocument code.
Package caption Info: float package is loaded.
Package caption Info: listings package is loaded.
Package caption Info: End \AtBeginDocument code.
LaTeX Info: Redefining \. on input line 23.
LaTeX Info: Redefining \% on input line 23.

(/opt/texlive/texdir/texmf-dist/tex/latex/translations/translations-basic-dicti
onary-spanish.trsl
File: translations-basic-dictionary-spanish.trsl (spanish translation file `tra
nslations-basic-dictionary')
)
Package translations Info: loading dictionary `translations-basic-dictionary' f
or `spanish'. on input line 23.
\c@lstlisting=\count381
LaTeX Font Info:    Font shape `TU/LinLibertine(0)/m/n' will be
(Font)              scaled to size 17.28pt on input line 24.
LaTeX Font Info:    Font shape `TU/LinBiolinum(0)/m/n' will be
(Font)              scaled to size 17.28pt on input line 24.
Package microtype Info: Loading generic protrusion settings for font family
(microtype)             `LinBiolinum' (encoding: TU).
(microtype)             For optimal results, create family-specific settings.
(microtype)             See the microtype manual for details.
LaTeX Font Info:    Font shape `TU/LinBiolinum(0)/b/n' will be
(Font)              scaled to size 17.28pt on input line 24.
LaTeX Font Info:    Font shape `TU/LinLibertine(0)/m/n' will be
(Font)              scaled to size 12.0pt on input line 24.
LaTeX Font Info:    Font shape `TU/LinLibertine(0)/m/n' will be
(Font)              scaled to size 10.0pt on input line 24.
LaTeX Font Info:    Font shape `TU/LibertinusMath-Regular.otf(1)/m/n' will be
(Font)              scaled to size 10.37994pt on input line 24.
Package microtype Info: Loading generic protrusion settings for font family
(microtype)             `LibertinusMath-Regular.otf' (encoding: TU).
(microtype)             For optimal results, create family-specific settings.
(microtype)             See the microtype manual for details.
LaTeX Font Info:    Font shape `TU/LibertinusMath-Regular.otf(2)/m/n' will be
(Font)              scaled to size 10.38086pt on input line 24.
LaTeX Font Info:    Font shape `TU/LibertinusMath-Regular.otf(3)/m/n' will be
(Font)              scaled to size 10.37888pt on input line 24.

(/opt/texlive/texdir/texmf-dist/tex/latex/microtype/mt-msa.cfg
File: mt-msa.cfg 2006/02/04 v1.1 microtype config. file: AMS symbols (a) (RS)
)
(/opt/texlive/texdir/texmf-dist/tex/latex/microtype/mt-msb.cfg
File: mt-msb.cfg 2005/06/01 v1.0 microtype config. file: AMS symbols (b) (RS)
)
Package microtype Info: Loading generic protrusion settings for font family
(microtype)             `latinmodern-math.otf' (encoding: TU).
(microtype)             For optimal results, create family-specific settings.
(microtype)             See the microtype manual for details.
LaTeX Font Info:    Font shape `TU/LinLibertine(0)/b/n' will be
(Font)              scaled to size 9.0pt on input line 24.
LaTeX Font Info:    Font shape `TU/LinLibertine(0)/b/n' will be
(Font)              scaled to size 10.95pt on input line 24.

(./sections/00_abstract.tex)
Overfull \hbox (2.31375pt too wide) in paragraph at lines 7--24
\TU/LinLibertine(0)/m/n/9 educativo y de experimentación. El sistema, llamado A
NPR-VISION,
 []


Underfull \vbox (badness 10000) has occurred while \output is active []


(./sections/01_introduccion.tex [1.1

]
Overfull \hbox (8.35051pt too wide) in paragraph at lines 17--18
[]\TU/LinLibertine(0)/m/n/9 ¿Cómo diseñar una arquitectura para un sistema ANPR
,
 []

) (./sections/02_relacionados.tex
LaTeX Font Info:    Font shape `TU/LinBiolinum(0)/m/n' will be
(Font)              scaled to size 9.0pt on input line 15.
LaTeX Font Info:    Font shape `TU/LinBiolinum(0)/m/n' will be
(Font)              scaled to size 7.0pt on input line 15.
 [2.2]
Underfull \vbox (badness 10000) has occurred while \output is active []


Underfull \vbox (badness 10000) has occurred while \output is active []

 [3.3])
(./sections/03_metodologia.tex
Overfull \hbox (3.5883pt too wide) in paragraph at lines 4--5
[]\TU/LinLibertine(0)/m/n/9 El trabajo se enmarca en una investigación de tipo 
aplicada, orien-
 []


Underfull \vbox (badness 1824) has occurred while \output is active []

 [4.4]
Overfull \hbox (4.36877pt too wide) in paragraph at lines 46--47
[]\TU/LinLibertine(0)/b/n/9 Interfaces de usuario (Angular y aplicación móvil)\
TU/LinLibertine(0)/m/n/9 : fron-
 []


Underfull \vbox (badness 10000) has occurred while \output is active []

LaTeX Font Info:    Font shape `TU/LinBiolinum(0)/m/it' will be
(Font)              scaled to size 9.0pt on input line 78.

Underfull \vbox (badness 1565) has occurred while \output is active []

 [5.5]
Package microtype Info: Loading generic protrusion settings for font family
(microtype)             `inconsolata' (encoding: TU).
(microtype)             For optimal results, create family-specific settings.
(microtype)             See the microtype manual for details.

[6.6]
File: graphics/metodologia_anpr_vision.png Graphic file (type bmp)
<graphics/metodologia_anpr_vision.png>


Class acmart Warning: A possible image without description on input line 146.

) (./sections/04_implementacion.tex
Underfull \vbox (badness 10000) has occurred while \output is active []

 [7.7]
Overfull \hbox (7.80826pt too wide) in paragraph at lines 36--37
\TU/LinLibertine(0)/m/n/9 Se definió un tópico principal, por ejemplo \TU/incon
solata(0)/m/n/9 anpr.plate-detections\TU/LinLibertine(0)/m/n/9 ,
 []


Underfull \vbox (badness 3407) has occurred while \output is active []

 [8.8]
Overfull \hbox (4.70929pt too wide) in paragraph at lines 102--103
\TU/LinLibertine(0)/m/n/9 también desarrollada con tecnologías basadas en Angul
ar, está orien-
 []


Overfull \hbox (3.47928pt too wide) in paragraph at lines 107--108
[]\TU/LinLibertine(0)/m/n/9 Visualización de saldos o montos asociados a las vi
sitas, cuan-
 []


Overfull \hbox (2.45476pt too wide) in paragraph at lines 126--127
[]\TU/LinLibertine(0)/b/n/9 Notificacion\TU/LinLibertine(0)/m/n/9 : registra la
s notificaciones generadas por even-
 []

[9.9]
File: graphics/implementacion.jpeg Graphic file (type bmp)
<graphics/implementacion.jpeg>


Class acmart Warning: A possible image without description on input line 177.

) (./sections/05_resultados.tex
Underfull \vbox (badness 10000) has occurred while \output is active []

 [10.10]
Underfull \hbox (badness 7326) in paragraph at lines 71--71
[]|\TU/LinLibertine(0)/b/n/9 Aspecto evalua-
 []


Underfull \hbox (badness 10000) in paragraph at lines 73--73
[]|\TU/LinLibertine(0)/m/n/9 Detección de
 []


Underfull \hbox (badness 10000) in paragraph at lines 75--75
[]|\TU/LinLibertine(0)/m/n/9 Reconocimiento
 []


Underfull \hbox (badness 10000) in paragraph at lines 75--75
\TU/LinLibertine(0)/m/n/9 de caracteres
 []


Underfull \hbox (badness 10000) in paragraph at lines 77--77
[]|\TU/LinLibertine(0)/m/n/9 Seguimiento de
 []


Underfull \hbox (badness 2653) in paragraph at lines 78--78
[]|\TU/LinLibertine(0)/m/n/9 ByteTrack permitió asociar detecciones
 []


Underfull \hbox (badness 4819) in paragraph at lines 79--79
[]|\TU/LinLibertine(0)/m/n/9 Latencia extremo
 []


Underfull \hbox (badness 3792) in paragraph at lines 81--81
[]|\TU/LinLibertine(0)/m/n/9 Estabilidad de la
 []


Underfull \hbox (badness 1043) in paragraph at lines 82--83
\TU/LinLibertine(0)/m/n/9 croservicio de visión, Kafka, backend y
 []

[11.11]
Overfull \hbox (1.30354pt too wide) in paragraph at lines 93--94
[]\TU/LinLibertine(0)/m/n/9 La integración con Jenkins facilitó la automatizaci
ón de com-
 []


Overfull \hbox (1.53328pt too wide) in paragraph at lines 102--103
[]\TU/LinLibertine(0)/m/n/9 En síntesis, los resultados obtenidos permiten extr
aer los siguien-
 []


Underfull \vbox (badness 6625) has occurred while \output is active []

)
(./sections/06_discusion.tex [12.12]
Underfull \vbox (badness 4279) has occurred while \output is active []

 [13.13])
(./sections/07_conclusiones.tex [14.14]
Overfull \hbox (3.91278pt too wide) in paragraph at lines 25--26
\TU/LinLibertine(0)/m/n/9 iluminación). Sobre esta base, calcular métricas está
ndar (pre-
 []


Overfull \hbox (33.28954pt too wide) in paragraph at lines 33--34
[]\TU/LinLibertine(0)/b/n/9 Extensión a escenarios multiparqueadero y multiarre
ndatario\TU/LinLibertine(0)/m/n/9 :
 []


Overfull \hbox (6.85126pt too wide) in paragraph at lines 41--42
\TU/LinLibertine(0)/m/n/9 guías, manuales y material docente basados en ANPR-VI
SION,
 []

) (./sections/A1_apendices.tex
Underfull \vbox (badness 10000) has occurred while \output is active []

 [15.15]
Underfull \hbox (badness 10000) in paragraph at lines 23--23
[]|\TU/LinLibertine(0)/m/n/9 Microservicio
 []


Underfull \hbox (badness 7814) in paragraph at lines 24--24
\TU/LinLibertine(0)/m/n/9 LOv5 + Eas-
 []


Underfull \hbox (badness 10000) in paragraph at lines 31--31
[]|\TU/LinLibertine(0)/m/n/9 Backend de
 []


Underfull \hbox (badness 10000) in paragraph at lines 32--32
[]|\TU/LinLibertine(0)/m/n/9 .NET (API
 []


Underfull \hbox (badness 2875) in paragraph at lines 37--37
\TU/LinLibertine(0)/m/n/9 ministradores: monitoreo de
 []


Underfull \hbox (badness 10000) in paragraph at lines 39--39
[]|\TU/LinLibertine(0)/m/n/9 Aplicación
 []


Underfull \hbox (badness 10000) in paragraph at lines 40--40
[]|\TU/LinLibertine(0)/m/n/9 Tecnologías
 []


Underfull \hbox (badness 10000) in paragraph at lines 40--40
\TU/LinLibertine(0)/m/n/9 basadas en
 []


Underfull \hbox (badness 10000) in paragraph at lines 40--40
\TU/LinLibertine(0)/m/n/9 Angular/Ionic
 []


Underfull \hbox (badness 7133) in paragraph at lines 40--40
\TU/LinLibertine(0)/m/n/9 (según imple-
 []


Underfull \hbox (badness 1472) in paragraph at lines 41--41
\TU/LinLibertine(0)/m/n/9 consulta de vehículos, histo-
 []


Underfull \hbox (badness 10000) in paragraph at lines 47--47
\TU/LinLibertine(0)/m/n/9 (desarrollo /
 []


Underfull \hbox (badness 2556) in paragraph at lines 48--48
\TU/LinLibertine(0)/m/n/9 nal en conte-
 []


Underfull \hbox (badness 10000) in paragraph at lines 49--49
[]|\TU/LinLibertine(0)/m/n/9 Almacenamiento de datos
 []


Underfull \hbox (badness 10000) in paragraph at lines 49--49
\TU/LinLibertine(0)/m/n/9 maestros (parqueaderos, cá-
 []


Underfull \hbox (badness 3601) in paragraph at lines 49--49
\TU/LinLibertine(0)/m/n/9 transacciones (visitas, notifi-
 []


Underfull \hbox (badness 4967) in paragraph at lines 52--52
[]|\TU/LinLibertine(0)/m/n/9 Amazon RDS
 []


Underfull \hbox (badness 2547) in paragraph at lines 53--53
\TU/LinLibertine(0)/m/n/9 administrado de la informa-
 []


Overfull \hbox (2.18927pt too wide) in paragraph at lines 55--55
[]|\TU/LinLibertine(0)/m/n/9 Infraestructura
 []


Underfull \hbox (badness 10000) in paragraph at lines 56--56
[]|\TU/LinLibertine(0)/m/n/9 Docker,
 []


Underfull \hbox (badness 10000) in paragraph at lines 56--56
\TU/inconsolata(0)/m/n/9 docker-
 []


Underfull \hbox (badness 10000) in paragraph at lines 56--56
\TU/inconsolata(0)/m/n/9 compose\TU/LinLibertine(0)/m/n/9 ,
 []


Underfull \hbox (badness 10000) in paragraph at lines 56--56
\TU/LinLibertine(0)/m/n/9 máquina vir-
 []


Underfull \hbox (badness 3803) in paragraph at lines 57--57
\TU/LinLibertine(0)/m/n/9 orquestación básica por en-
 []


Underfull \hbox (badness 5637) in paragraph at lines 59--59
[]|\TU/LinLibertine(0)/m/n/9 Integración y
 []


Underfull \hbox (badness 2035) in paragraph at lines 59--59
\TU/LinLibertine(0)/m/n/9 entrega conti-
 []


Underfull \hbox (badness 6364) in paragraph at lines 61--62
[]|\TU/LinLibertine(0)/m/n/9 Automatización de compila-
 []


Underfull \hbox (badness 4954) in paragraph at lines 61--62
\TU/LinLibertine(0)/m/n/9 entornos (develop, QA, sta-
 []


Overfull \hbox (5.88744pt too wide) in paragraph at lines 19--64
 [][] 
 []

Package hyperref Info: bookmark level for unknown lstlisting defaults to 0 on i
nput line 74.
LaTeX Font Info:    Font shape `TU/LinLibertine(0)/m/n' will be
(Font)              scaled to size 5.0pt on input line 75.
LaTeX Font Info:    Font shape `TU/LinLibertine(0)/b/n' will be
(Font)              scaled to size 7.0pt on input line 110.

Underfull \hbox (badness 10000) in paragraph at lines 110--110
[]|\TU/LinLibertine(0)/b/n/7 Método
 []


Underfull \hbox (badness 10000) in paragraph at lines 112--112
[]|\TU/inconsolata(0)/m/n/7 /api/visits/by-
 []


Underfull \hbox (badness 10000) in paragraph at lines 115--115
[]|\TU/inconsolata(0)/m/n/7 /api/visits/by-
 []


Underfull \hbox (badness 1852) in paragraph at lines 116--116
[]|\TU/LinLibertine(0)/m/n/7 Devuelve el historial de visitas
 []


Underfull \hbox (badness 1990) in paragraph at lines 119--119
\TU/LinLibertine(0)/m/n/7 un parqueadero (nombre, direc-
 []


Underfull \hbox (badness 5563) in paragraph at lines 119--119
\TU/LinLibertine(0)/m/n/7 ción, parámetros de configura-
 []


Underfull \hbox (badness 10000) in paragraph at lines 121--121
[]|\TU/inconsolata(0)/m/n/7 /api/camera/by-
 []


Underfull \hbox (badness 10000) in paragraph at lines 124--124
[]|\TU/inconsolata(0)/m/n/7 /api/notifications/by-
 []


Underfull \hbox (badness 1205) in paragraph at lines 125--125
\TU/LinLibertine(0)/m/n/7 dientes o recientes relacionadas
 []


Overfull \hbox (13.59691pt too wide) in paragraph at lines 127--127
[]|\TU/inconsolata(0)/m/n/7 /api/notifications/{id}/read| 
 []


Underfull \hbox (badness 1924) in paragraph at lines 131--131
[]|\TU/LinLibertine(0)/m/n/7 Devuelve la información básica
 []


Overfull \hbox (27.59691pt too wide) in paragraph at lines 133--133
[]|\TU/inconsolata(0)/m/n/7 /api/reports/summary/{parkingId}| 
 []


Underfull \hbox (badness 1953) in paragraph at lines 134--135
\TU/LinLibertine(0)/m/n/7 po dado (según la implementa-
 []


Overfull \hbox (13.11789pt too wide) in paragraph at lines 108--137
 [][] 
 []

LaTeX Font Info:    Font shape `TU/LinLibertine(0)/b/it' will be
(Font)              scaled to size 10.95pt on input line 139.

Underfull \vbox (badness 4967) has occurred while \output is active []


Underfull \vbox (badness 2088) has occurred while \output is active []

 [16.16]

LaTeX Font Warning: Font shape `TU/inconsolata(0)/m/it' undefined
(Font)              using `TU/inconsolata(0)/m/n' instead on input line 153.


Overfull \hbox (20.40828pt too wide) in paragraph at lines 153--154
\TU/LinLibertine(0)/m/n/9 generada (por ejemplo, \TU/inconsolata(0)/m/n/9 http:
//IP_DEL_TELEFONO:8080/video\TU/LinLibertine(0)/m/n/9 ). 
 []

) (build/main_acm.bbl
LaTeX Font Info:    Font shape `TU/LinLibertine(0)/m/it' will be
(Font)              scaled to size 7.0pt on input line 45.
 [17.17])

Class acmart Warning: Some images may lack descriptions.
(acmart)              ACM is committed to complying with the upcoming US ADA ht
tps://accessiblyapp.com/accessibility-compliance/ada/ and European Accessibilit
y Act (EAA) https://accessiblyapp.com/accessibility-compliance/eaa/ regulations
 by actively working to ensure our publications and application services are ac
cessible to individuals with disabilities, adhering to the WCAG guidelines to p
rovide a seamless experience for all users, and regularly reviewing our accessi
bility practices to maintain compliance with evolving standards. 
(acmart)              To this end, we strongly encourage our authors to provide
 alternative text and captions for images and multimedia content. It is also im
portant to optimize color contrast for the visually impaired. Taking these impo
rtant steps when creating your papers will ensure that the widest possible audi
ence can ingest your work..


Overfull \vbox (4.681pt too high) has occurred while \output is active []


Overfull \vbox (6.319pt too high) has occurred while \output is active []


(/opt/texlive/texdir/texmf-dist/tex/generic/stringenc/se-pdfdoc.def
File: se-pdfdoc.def 2019/11/29 v1.12 stringenc: PDFDocEncoding
)
(/opt/texlive/texdir/texmf-dist/tex/generic/stringenc/se-utf32be.def
File: se-utf32be.def 2019/11/29 v1.12 stringenc: UTF-32BE
) [18.18]
(build/main_acm.aux
LaTeX Info: Redefining \. on input line 12.
LaTeX Info: Redefining \% on input line 12.
)
 ***********
LaTeX2e <2025-11-01>
L3 programming layer <2025-10-24>
 ***********


LaTeX Font Warning: Some font shapes were not available, defaults substituted.

Package rerunfilecheck Info: File `main_acm.out' has not changed.
(rerunfilecheck)             Checksum: CA26BB7F8CC384D8C5C71E9B5655F4C3;13871.
 ) 
Here is how much of TeX's memory you used:
 41878 strings out of 468179
 855993 string characters out of 5435043
 1433168 words of memory out of 5000000
 69946 multiletter control sequences out of 15000+600000
 634561 words of font info for 143 fonts, out of 8000000 for 9000
 1509 hyphenation exceptions out of 8191
 105i,13n,131p,1051b,32922s stack positions out of 10000i,1000n,20000p,200000b,200000s

Output written on build/main_acm.xdv (18 pages, 1064400 bytes).
